Compound,Tc,Magnetism,Inversed,Moment,Cell_Parameter,mean_CovalentRadius,maxdiff_CovalentRadius,mean_Density,mean_FirstIonizationEnergy,dev_Polarizability,mean_phi,maxdiff_phi,mean_Column,maxdiff_Column,dev_Column,mean_GSenergy_pa,mean_GSmagmom,maxdiff_MendeleevNumber,mean_Number,maxdiff_Number,mean_NUnfilled,dev_NUnfilled,mean_NValance,dev_NValance,mean_NdValence,maxdiff_NdValence,mean_NdUnfilled,maxdiff_NdUnfilled,max_NdUnfilled,frac_sValence,frac_pValence,frac_dValence,frac_fValence,J sum,L sum,S sum,X_Type,Y_Type,Z_Type,Type(XY),Type(XZ),Type(YZ),Type,J(X),J(Y),J(Z),L(X),L(Y),L(Z),S(X),S(Y),S(Z),S(XY),S(XZ),S(YZ),L(XY),L(XZ),L(YZ),J(XY),J(XZ),J(YZ),Jg sum,C(T),C(FM),C(AFM),J(T),S(T),Val(T),J(FM),S(FM),L(FM),Val(FM),R(FM),J(AFM),S(AFM),L(AFM),Val(AFM),R(AFM),EN(X),EN(Y),EN(Z),Z(X),Z(Y),Z(Z),M(X),M(Y),M(Z),Val(X),Val(Y),Val(Z),R(X),R(Y),R(Z),Group(X),Group(Y),Group(Z),Unfilled(X),Unfilled(Z),EN(XY),EN(XZ),EN(YZ),Z(XY),Z(XZ),Z(YZ),M(XY),M(XZ),M(YZ),Val(XY),Val(XZ),Val(YZ),R(XY),R(XZ),R(YZ),Group(XY),Group(XZ),Group(YZ),Unfilled(XY),Unfilled(XZ),Unfilled(YZ),EN sum,Z sum,M sum,Val sum,R sum,Group sum,Unfilled sum,GSmom(XY),GSmom(XZ),GSmom(YZ),GSmom sum,GSmom(AB),GSmom(AC),GSmom(BD),GSmom(CD),EN(AB),EN(AC),EN(BD),EN(CD),Val(AB),Val(AC),Val(BD),Val(CD),Unf(AB),Unf(AC),Unf(BD),Unf(CD),J(AB),J(AC),J(BD),J(CD),R(AB),R(AC),R(BD),R(CD),M(AB),M(AC),M(BD),M(CD),L(AB),L(AC),L(BD),L(CD),S(AB),S(AC),S(BD),S(CD),d(XX)
Ag2CeIn,3,-1,0,0,7.108,159,62,8744.75,6.61938,8.14625,3.945,1.17,9.5,10,3.25,-3.2435396825,0,60,50.25,11,7.25,7.375,9.75,2.875,7.75,9,2.25,9,5,0.1538461538,0.0256410256,0.7948717949,0.0256410256,4,4,2,3,2,1,1,2,1,5,0.5,2.5,0.5,0,3,1,0.5,0.5,0.5,0,0,0,3,1,2,2,0,2,2.1428571429,0,0,0.297694522536365,0,0,0,0,0,0,0,0,2.5,0.5,3,2,204,1.93,1.12,1.78,47,58,49,71,32,79,11,2,3,145,204,142,11,4,13,0,0,0.81,0.15,0.66,11,2,9,39,8,47,9,8,1,59,3,62,7,2,9,0,0,0,6.76,201,253,27,636,39,0,0,0,0,0,0,0,0,0,1.525,1.93,1.45,1.855,6.5,11,2.5,7,0,0,0,0,1.5,0.5,1.5,0.5,174.5,145,173,143.5,51.5,71,55.5,75,1.5,0,2,0.5,0.5,0.5,0.5,0.5,3.554
Ag2DyIn,3.5,-1,0,0,6.91,156,50,9210.25,6.71943,6.23375,3.9525,1.14,9.5,10,3.25,-3.1997858833,0,44,52.25,19,2.75,1.75,11.75,0.75,7.5,10,0,0,0,0.1276595745,0.0212765957,0.6382978723,0.2127659574,9,6,4,3,2,1,1,2,1,5,0.5,7.5,0.5,0,5,1,0.5,2.5,0.5,2,0,2,5,1,4,7,0,7,10,0,0,0.329578237208714,0,0,0,0,0,0,0,0,7.5,2.5,5,2,192,1.93,1.22,1.78,47,66,49,71,24,79,11,2,3,145,192,142,11,12,13,0,0,0.71,0.15,0.56,19,2,17,47,8,55,9,8,1,47,3,50,1,2,1,0,0,0,6.86,209,245,27,624,47,0,0,0,0,0,0,0,0,0,1.575,1.93,1.5,1.855,6.5,11,2.5,7,0,0,0,0,4,0.5,4,0.5,168.5,145,167,143.5,47.5,71,51.5,75,2.5,0,3,0.5,1.5,0.5,1.5,0.5,3.455
Ag2ErIn,2,-1,0,0,6.882,155.25,47,9339,6.76163,5.55875,3.955,1.13,9.5,10,3.25,-3.1903057063,0,40,52.75,21,2.25,1.375,12.25,1.25,7.5,10,0,0,0,0.1224489796,0.0204081633,0.612244898,0.2448979592,9,7,3,3,2,1,1,2,1,5,0.5,7.5,0.5,0,6,1,0.5,1.5,0.5,1,0,1,6,1,5,7,0,7,9,0,0,0.335987339834565,0,0,0,0,0,0,0,0,7.5,1.5,6,2,189,1.93,1.24,1.78,47,68,49,71,22,79,11,2,3,145,189,142,11,14,13,0,0,0.69,0.15,0.54,21,2,19,49,8,57,9,8,1,44,3,47,3,2,1,0,0,0,6.88,211,243,27,621,49,0,0,0,0,0,0,0,0,0,1.585,1.93,1.51,1.855,6.5,11,2.5,7,0,0,0,0,4,0.5,4,0.5,167,145,165.5,143.5,46.5,71,50.5,75,3,0,3.5,0.5,1,0.5,1,0.5,3.441
Ag2GdIn,10,-1,0,0,6.965,157,54,9047.75,6.772155,5.85875,3.95,1.15,9.5,10,3.25,-3.2130025975,0,48,51.75,17,5.75,5.125,11.25,0.875,7.75,9,2.25,9,5,0.1333333333,0.0222222222,0.6888888889,0.1555555556,5,1,5,3,2,1,1,2,1,5,0.5,3.5,0.5,0,0,1,0.5,3.5,0.5,3,0,3,0,1,1,3,0,3,7,0,0.644725631831119,0,0,0,0,7,7,0,4,392,0,0,0,0,0,1.93,1.2,1.78,47,64,49,71,27,79,11,2,3,145,196,142,11,10,13,0,0,0.73,0.15,0.58,17,2,15,44,8,52,9,8,1,51,3,54,1,2,3,0,0,0,6.84,207,248,27,628,45,0,0,0,0,0,0,0,0,0,1.565,1.93,1.49,1.855,6.5,11,2.5,7,0,0,0,0,2,0.5,2,0.5,170.5,145,169,143.5,49,71,53,75,0,0,0.5,0.5,2,0.5,2,0.5,3.4825
Ag2HoIn,2,-1,0,0,6.893,156,50,9271.25,6.74008,5.89625,3.955,1.13,9.5,10,3.25,-3.1937514892,0,42,52.5,20,2.5,1.5,12,1,7.5,10,0,0,5,0.125,0.0208333333,0.625,0.2291666667,9.5,7,3.5,3,2,1,1,2,1,5,0.5,8,0.5,0,6,1,0.5,2,0.5,1.5,0,1.5,6,1,5,7.5,0,7.5,10,0,0,0.332866611910858,0,0,0,0,0,0,0,0,8,2,6,2,192,1.93,1.23,1.78,47,67,49,71,23,79,11,2,3,145,192,142,11,13,13,0,0,0.7,0.15,0.55,20,2,18,48,8,56,9,8,1,47,3,50,2,2,0,0,0,0,6.87,210,244,27,624,48,0,0,0,0,0,0,0,0,0,1.58,1.93,1.505,1.855,6.5,11,2.5,7,0,0,0,0,4.25,0.5,4.25,0.5,168.5,145,167,143.5,47,71,51,75,3,0,3.5,0.5,1.25,0.5,1.25,0.5,3.4465
Ag2InNd,2.5,-1,0,0,7.044,158.25,59,8825,6.615955,8.82125,3.9475,1.16,9.5,10,3.25,-3.239985105,0,56,50.75,13,4.25,3.25,10.25,2.125,7.5,10,0,0,7,0.1463414634,0.0243902439,0.7317073171,0.0975609756,6,7,3,3,2,1,1,2,1,5,0.5,4.5,0.5,0,6,1,0.5,1.5,0.5,1,0,1,6,1,5,4,0,4,3.2727272727,0,0,0.303797585659874,0,0,0,0,0,0,0,0,4.5,1.5,6,2,201,1.93,1.14,1.78,47,60,49,71,30,79,11,2,3,145,201,142,11,6,13,0,0,0.79,0.15,0.64,13,2,11,41,8,49,9,8,1,56,3,59,5,2,7,0,0,0,6.78,203,251,27,633,41,0,0,0,0,0,0,0,0,0,1.535,1.93,1.46,1.855,6.5,11,2.5,7,0,0,0,0,2.5,0.5,2.5,0.5,173,145,171.5,143.5,50.5,71,54.5,75,3,0,3.5,0.5,1,0.5,1,0.5,3.522
Ag2InSm,4.5,-1,0,0,7.001,157.5,56,8910.75,6.64563,7.84625,3.95,1.15,9.5,10,3.25,-3.2277421788,0,52,51.25,15,3.75,2.75,10.75,1.375,7.5,10,0,0,4,0.1395348837,0.023255814,0.6976744186,0.1395348837,4,6,4,3,2,1,1,2,1,5,0.5,2.5,0.5,0,5,1,0.5,2.5,0.5,2,0,2,5,1,4,2,0,2,0.7142857143,0,0,0.31265439338061,0,0,0,0,0,0,0,0,2.5,2.5,5,2,198,1.93,1.17,1.78,47,62,49,71,28,79,11,2,3,145,198,142,11,8,13,0,0,0.76,0.15,0.61,15,2,13,43,8,51,9,8,1,53,3,56,3,2,5,9,0,9,6.81,205,249,27,630,43,9,0,0,0,0,0,0,0,0,1.55,1.93,1.475,1.855,6.5,11,2.5,7,4.5,0,4.5,0,1.5,0.5,1.5,0.5,171.5,145,170,143.5,49.5,71,53.5,75,2.5,0,3,0.5,1.5,0.5,1.5,0.5,3.5005
Ag2InTb,8.8,-1,0,0,6.896,156.5,52,9127.25,6.700655,6.60875,3.9525,1.14,9.5,10,3.25,-3.2067016942,0,46,52,18,3,2,11.5,0.75,7.5,10,0,0,8,0.1304347826,0.0217391304,0.652173913,0.1956521739,7.5,4,4.5,3,2,1,1,2,1,5,0.5,6,0.5,0,3,1,0.5,3,0.5,2.5,0,2.5,3,1,2,5.5,0,5.5,9,0,0.324682175309602,0,0,0,0,6,3,3,2,194,0,0,0,0,0,1.93,1.1,1.78,47,65,49,71,26,79,11,2,3,145,194,142,11,11,13,0,0,0.83,0.15,0.68,18,2,16,45,8,53,9,8,1,49,3,52,0,2,2,0,0,0,6.74,208,247,27,626,46,0,0,0,0,0,0,0,0,0,1.515,1.93,1.44,1.855,6.5,11,2.5,7,0,0,0,0,3.25,0.5,3.25,0.5,169.5,145,168,143.5,48.5,71,52.5,75,1.5,0,2,0.5,1.75,0.5,1.75,0.5,3.448
Au2AlMn,220,1,0,3.8341045,6.358,133,18,12192.5,7.967712,1.225,4.7375,0.95,10.5,6,1.75,-4.7963433976,7.753017241375E-05,21,49,66,3,2,15,10,6.25,10,1.25,5,7,0.1,0.0166666667,0.4166666667,0.4666666667,4,1,4,3,3,1,0,2,2,1,0.5,2.5,0.5,0,0,1,0.5,2.5,0.5,2,0,2,0,1,1,2,0,2,0,0.115451782676113,0,0.115451782676113,2.5,2.5,7,0,0,0,0,0,2.5,2.5,0,7,150,2.54,1.55,1.61,79,25,13,70,60,80,11,7,3,136,150,121,11,7,13,0,0,0.99,0.93,0.06,54,66,12,10,10,20,4,8,4,14,15,29,4,2,6,3,0,3,8.24,196,280,32,543,42,3,0.000310120689655,0,0.000310120689655,0.000310120689655,0.000155060344828,0,0.000155060344828,0,2.045,2.54,1.58,2.075,9,11,5,7,1.5,0,1.5,0,1.5,0.5,1.5,0.5,143,136,135.5,128.5,65,70,70,75,0,0,0.5,0.5,1.5,0.5,1.5,0.5,3.179
Au2CeIn,1.2,-1,0,0,7.079,154.5,68,13149.75,7.44403,8.44375,4.345,1.97,9.5,10,3.25,-3.4656892075,0,60,66.25,30,7.25,7.375,16.75,8.25,7.75,9,2.25,9,5,0.0895522388,0.0149253731,0.4626865672,0.4328358209,4,4,2,3,2,1,1,2,1,5,0.5,2.5,0.5,0,3,1,0.5,0.5,0.5,0,0,0,3,1,2,2,0,2,2.1428571429,0,0,0.21593943011489,0,0,0,0,0,0,0,0,2.5,0.5,3,2,204,2.54,1.12,1.78,79,58,49,70,32,79,11,2,3,136,204,142,11,4,13,0,0,1.42,0.76,0.66,21,30,9,38,9,47,9,8,1,68,6,62,7,2,9,0,0,0,7.98,265,251,27,618,39,0,0,0,0,0,0,0,0,0,1.83,2.54,1.45,2.16,6.5,11,2.5,7,0,0,0,0,1.5,0.5,1.5,0.5,170,136,173,139,51,70,55.5,74.5,1.5,0,2,0.5,0.5,0.5,0.5,0.5,3.5395
Au2DyIn,6,-1,0,0,6.885,151.5,56,13615.25,7.54408,6.53125,4.3525,1.94,9.5,10,3.25,-3.4219354083,0,44,68.25,30,2.75,1.75,18.75,6.25,7.5,10,0,0,0,0.08,0.0133333333,0.4,0.5066666667,9,6,4,3,2,1,1,2,1,5,0.5,7.5,0.5,0,5,1,0.5,2.5,0.5,2,0,2,5,1,4,7,0,7,10,0,0,0.242085250662175,0,0,0,0,0,0,0,0,7.5,2.5,5,2,192,2.54,1.22,1.78,79,66,49,70,24,79,11,2,3,136,192,142,11,12,13,0,0,1.32,0.76,0.56,13,30,17,46,9,55,9,8,1,56,6,50,1,2,1,0,0,0,8.08,273,243,27,606,47,0,0,0,0,0,0,0,0,0,1.88,2.54,1.5,2.16,6.5,11,2.5,7,0,0,0,0,4,0.5,4,0.5,164,136,167,139,47,70,51.5,74.5,2.5,0,3,0.5,1.5,0.5,1.5,0.5,3.4425
Au2GaIn,12,-1,0,0,6.94,134,20,12953.5,7.55918025,1.5425,4.575,1.25,12,2,1,-3.0246106206,0,9,59.5,48,3,2,19,6,10,0,0,0,5,0.0789473684,0.0263157895,0.5263157895,0.3684210526,9,6,4,3,2,1,1,2,1,5,0.5,7.5,0.5,0,5,1,0.5,2.5,0.5,2,0,2,5,1,4,7,0,7,10,0,0,0,0,0,0,0,0,0,0,0,0,0,0,0,0,2.54,1.22,1.78,79,66,49,70,24,79,11,2,3,136,192,142,11,12,13,0,0,1.32,0.76,0.56,13,30,17,46,9,55,9,8,1,56,6,50,1,2,1,0,0,0,8.67,238,300,28,536,48,0,0,0,0,0,0,0,0,0,1.88,2.54,1.5,2.16,6.5,11,2.5,7,0,0,0,0,4,0.5,4,0.5,164,136,167,139,47,70,51.5,74.5,2.5,0,3,0.5,1.5,0.5,1.5,0.5,3.47
Au2HoIn,2.6,-1,0,0,6.87,151.5,56,13676.25,7.56473,6.19375,4.355,1.93,9.5,10,3.25,-3.4159010142,0,42,68.5,30,2.5,1.5,19,6,7.5,10,0,0,8,0.0789473684,0.0131578947,0.3947368421,0.5131578947,9.5,7,3.5,3,2,1,1,2,1,5,0.5,8,0.5,0,6,1,0.5,2,0.5,1.5,0,1.5,6,1,5,7.5,0,7.5,10,0,0,0.244819444028694,0,0,0,0,0,0,0,0,8,2,6,2,192,2.54,1.23,1.78,79,67,49,70,23,79,11,2,3,136,192,142,11,13,13,0,0,1.31,0.76,0.55,12,30,18,47,9,56,9,8,1,56,6,50,2,2,0,0,0,0,8.09,274,242,27,606,48,0,0,0,0,0,0,0,0,0,1.885,2.54,1.505,2.16,6.5,11,2.5,7,0,0,0,0,4.25,0.5,4.25,0.5,164,136,167,139,46.5,70,51,74.5,3,0,3.5,0.5,1.25,0.5,1.25,0.5,3.435
Au2InNd,1.5,-1,0,0,7.03,153.75,65,13230,7.440605,9.11875,4.3475,1.96,9.5,10,3.25,-3.46213463,0,56,66.75,30,4.25,3.25,17.25,7.75,7.5,10,0,0,9,0.0869565217,0.0144927536,0.4347826087,0.4637681159,6,7,3,3,2,1,1,2,1,5,0.5,4.5,0.5,0,6,1,0.5,1.5,0.5,1,0,1,6,1,5,4,0,4,3.2727272727,0,0,0.220893592299893,0,0,0,0,0,0,0,0,4.5,1.5,6,2,201,2.54,1.14,1.78,79,60,49,70,30,79,11,2,3,136,201,142,11,6,13,0,0,1.4,0.76,0.64,19,30,11,40,9,49,9,8,1,65,6,59,5,2,7,0,0,0,8,267,249,27,615,41,0,0,0,0,0,0,0,0,0,1.84,2.54,1.46,2.16,6.5,11,2.5,7,0,0,0,0,2.5,0.5,2.5,0.5,168.5,136,171.5,139,50,70,54.5,74.5,3,0,3.5,0.5,1,0.5,1,0.5,3.515
Au2InPr,1.5,-1,0,0,7.055,154.25,67,13137.5,7.427605,7.91875,4.3475,1.96,9.5,10,3.25,-3.465004285,0,58,66.5,30,4.5,3.5,17,8,7.5,10,0,0,5,0.0882352941,0.0147058824,0.4411764706,0.4558823529,5.5,6,2.5,3,2,1,1,2,1,5,0.5,4,0.5,0,5,1,0.5,1,0.5,0.5,0,0.5,5,1,4,3.5,0,3.5,3.2,0,0,0.216894857119981,0,0,0,0,0,0,0,0,4,1,5,2,203,2.54,1.13,1.78,79,59,49,70,31,79,11,2,3,136,203,142,11,5,13,0,0,1.41,0.76,0.65,20,30,10,39,9,48,9,8,1,67,6,61,6,2,8,0,0,0,7.99,266,250,27,617,40,0,0,0,0,0,0,0,0,0,1.835,2.54,1.455,2.16,6.5,11,2.5,7,0,0,0,0,2.25,0.5,2.25,0.5,169.5,136,172.5,139,50.5,70,55,74.5,2.5,0,3,0.5,0.75,0.5,0.75,0.5,3.5275
Au2InTb,8.2,-1,0,0,6.913,152,58,13532.25,7.525305,6.90625,4.3525,1.94,9.5,10,3.25,-3.4288512192,0,46,68,30,3,2,18.5,6.5,7.5,10,0,0,9,0.0810810811,0.0135135135,0.4054054054,0.5,7.5,4,4.5,3,2,1,1,2,1,5,0.5,6,0.5,0,3,1,0.5,3,0.5,2.5,0,2.5,3,1,2,5.5,0,5.5,9,0,0.238027477163461,0,0,0,0,6,3,3,2,194,0,0,0,0,0,2.54,1.1,1.78,79,65,49,70,26,79,11,2,3,136,194,142,11,11,13,0,0,1.44,0.76,0.68,14,30,16,44,9,53,9,8,1,58,6,52,0,2,2,0,0,0,7.96,272,245,27,608,46,0,0,0,0,0,0,0,0,0,1.82,2.54,1.44,2.16,6.5,11,2.5,7,0,0,0,0,3.25,0.5,3.25,0.5,165,136,168,139,48,70,52.5,74.5,1.5,0,2,0.5,1.75,0.5,1.75,0.5,3.4565
Au2InTm,1.5,-1,0,0,6.856,151,54,13807.75,7.6054325,5.51875,4.355,1.93,9.5,10,3.25,-3.3900164175,0,38,69,30,2,1.5,19.5,5.5,7.5,10,0,0,4,0.0769230769,0.0128205128,0.3846153846,0.5256410256,7.5,6,2.5,3,2,1,1,2,1,5,0.5,6,0.5,0,5,1,0.5,1,0.5,0.5,0,0.5,5,1,4,5.5,0,5.5,7,0,0,0.249281190007372,0,0,0,0,0,0,0,0,6,1,5,2,190,2.54,1.25,1.78,79,69,49,70,21,79,11,2,3,136,190,142,11,15,13,0,0,1.29,0.76,0.53,10,30,20,49,9,58,9,8,1,54,6,48,4,2,2,9,0,9,8.11,276,240,27,604,50,9,0,0,0,0,0,0,0,0,1.895,2.54,1.515,2.16,6.5,11,2.5,7,4.5,0,4.5,0,3.25,0.5,3.25,0.5,163,136,166,139,45.5,70,50,74.5,2.5,0,3,0.5,0.75,0.5,0.75,0.5,3.428
Au2InU,61,-1,0,0,6.969,152.5,60,16240,7.60788,6.68125,4.525,1.25,9.5,10,3.25,-5.0946317838,0,55,74.75,43,6.75,6.625,17.25,7.75,7.75,9,2.25,9,0,0.0869565217,0.0144927536,0.4492753623,0.4492753623,7.5,9,3.5,3,2,1,1,2,1,5,0.5,6,0.5,0,8,1,0.5,2,0.5,1.5,0,1.5,8,1,7,5.5,0,5.5,0,0,0,0,0,0,0,0,0,0,0,0,0,0,0,0,0,2.54,1.38,1.78,79,92,49,70,45,79,11,2,3,136,196,142,11,6,13,0,0,1.16,0.76,0.4,13,30,43,25,9,34,9,8,1,60,6,54,5,2,7,0,0,0,8.24,299,264,27,610,41,0,0,0,0,0,0,0,0,0,1.96,2.54,1.58,2.16,6.5,11,2.5,7,0,0,0,0,3.25,0.5,3.25,0.5,166,136,169,139,57.5,70,62,74.5,4,0,4.5,0.5,1.25,0.5,1.25,0.5,3.4845
Cd3Ce,2,-1,0,0,7.223,159,60,8159.75,8.13004,8.355,3.8325,0.87,9.75,9,3.375,-1.8032730813,0,55,50.5,10,5.5,8.25,10,3,7.75,9,2.25,9,5,0.2,0,0.775,0.025,2.5,3,0.5,3,2,3,1,0,1,4,0,2.5,0,0,3,0,0,0.5,0,0.5,0,0.5,3,0,3,2.5,0,2.5,2.1428571429,0,0,0,0,0,0,0,0,0,0,0,0,0,0,0,0,1.69,1.12,1.69,48,58,48,75,32,75,12,2,12,144,204,144,12,4,12,0,0,0.57,0,0.57,10,0,10,43,0,43,10,0,10,60,0,60,8,0,8,0,0,0,10.14,288,450,72,864,72,0,0,0,0,0,0,0,0,0,1.405,1.69,1.405,1.69,7,12,7,12,0,0,0,0,1.25,0,1.25,0,174,144,174,144,53.5,75,53.5,75,1.5,0,1.5,0,0.25,0,0.25,0,3.1276507457675
Co2AlCr,334,1,0,3.0020031,5.727,128,18,6910,7.1285745,1.625,4.7625,0.9,9.25,7,1.875,-6.8529794875,0.7742356,24,22.75,14,4.25,1.25,6.75,2.25,4.75,7,2.75,5,6,0.2592592593,0.037037037,0.7037037037,0,12.5,7,6.5,3,3,1,0,2,2,1,4.5,3,0.5,3,0,1,1.5,3,0.5,1.5,1,2.5,3,2,1,1.5,4,2.5,0,0.598780622598983,0.598780622598983,0.264148729173083,4.5,1.5,9,4.5,1.5,3,9,138,3,3,0,6,139,1.88,1.66,1.61,27,24,13,64,57,80,9,6,3,138,139,121,9,6,13,0,0,0.22,0.27,0.05,3,14,11,7,16,23,3,6,3,1,17,18,3,4,7,4,0,4,7.03,91,265,27,536,37,4,1.5484712,1.5484712,0,3.0969424,0.7742356,1.5484712,0,0.7742356,1.77,1.88,1.635,1.745,7.5,9,4.5,6,2,0,2,0,3.75,4.5,1.75,2.5,138.5,138,130,129.5,60.5,64,68.5,72,1.5,3,0.5,2,2.25,1.5,1.75,1,2.8635
Co2AlFe,1000,1,0,4.9890693,5.73,126.25,11,7093.5,7.412547,0.425,4.8325,0.9,9.75,5,1.625,-6.5479214425,1.3019013,18,23.25,14,3.75,0.75,7.25,2.125,5,7,2.5,4,0,0.275862069,0.0344827586,0.6896551724,0,13.5,9,5.5,3,3,1,0,2,2,1,4.5,4,0.5,3,2,1,1.5,2,0.5,0.5,1,1.5,1,2,1,0.5,4,3.5,0,0.865558100187094,0.865558100187094,0,8.5,3.5,17,8.5,3.5,5,17,280,0,0,0,0,0,1.88,1.83,1.61,27,26,13,64,61,80,9,8,3,138,142,121,9,8,13,0,0,0.05,0.27,0.22,1,14,13,3,16,19,1,6,5,4,17,21,1,4,5,2,0,2,7.2,93,269,29,539,39,2,0.5621916,1.5484712,2.1106628,5.2076052,1.829567,1.5484712,1.0553314,0.7742356,1.855,1.88,1.72,1.745,8.5,9,5.5,6,1,0,1,0,4.25,4.5,2.25,2.5,140,138,131.5,129.5,62.5,64,70.5,72,2.5,3,1.5,2,1.75,1.5,1.25,1,2.865
Co2AlHf,193,1,0,0.9896767,6.019,137,54,8452.5,7.1432145,3.35,4.5,1.5,8.75,9,2.375,-6.9651251863,0.7742356,28,34.75,59,4.75,1.75,9.75,4.125,4,7,3.5,8,5,0.2051282051,0.0256410256,0.4102564103,0.358974359,11.5,10,4.5,3,3,1,0,2,2,1,4.5,2,0.5,3,3,1,1.5,1,0.5,0.5,1,0.5,0,2,2,2.5,4,1.5,0,0.364530046042981,0.364530046042981,0,4.5,1.5,9,4.5,1.5,3,9,138,0,0,0,0,0,1.88,1.3,1.61,27,72,13,64,50,80,9,4,3,138,175,121,9,4,13,0,0,0.58,0.27,0.31,45,14,59,14,16,30,5,6,1,37,17,54,5,4,9,6,0,6,6.67,139,258,25,572,35,6,1.5484712,1.5484712,0,3.0969424,0.7742356,1.5484712,0,0.7742356,1.59,1.88,1.455,1.745,6.5,9,3.5,6,3,0,3,0,3.25,4.5,1.25,2.5,156.5,138,148,129.5,57,64,65,72,3,3,2,2,1.25,1.5,0.75,1,3.0095
Co2AlMn,697,1,0,4.0289481,5.749,128,18,6992.5,7.295452,0.8,4.7125,0.9,9.5,6,1.75,-6.7316916651,0.7743131302,21,23,14,4,1,7,2,4.75,7,2.75,5,4,0.2857142857,0.0357142857,0.6785714286,0,12,7,6,3,3,1,0,2,2,1,4.5,2.5,0.5,3,0,1,1.5,2.5,0.5,1,1,2,3,2,1,2,4,2,0,0.864947783301239,0.589963288593949,0.27498449470729,7,4,16,4.5,1.5,3,9,138,2.5,2.5,0,7,150,1.88,1.55,1.61,27,25,13,64,60,80,9,7,3,138,150,121,9,7,13,0,0,0.33,0.27,0.06,2,14,12,4,16,20,2,6,4,12,17,29,2,4,6,3,0,3,6.92,92,268,28,547,38,3,1.54816107931035,1.5484712,0.000310120689655,3.09725252068965,0.774390660344827,1.5484712,0.000155060344828,0.7742356,1.715,1.88,1.58,1.745,8,9,5,6,1.5,0,1.5,0,3.5,4.5,1.5,2.5,144,138,135.5,129.5,62,64,70,72,1.5,3,0.5,2,2,1.5,1.5,1,2.8745
Co2AlNb,383,1,0,1.9965542,5.946,134.25,43,7267.5,7.1266595,3.1625,4.6125,1.05,9,8,2,-6.999880735,0.7742356,26,27,28,4.5,1.5,6.5,2.5,4.5,7,3,6,7,0.2692307692,0.0384615385,0.6923076923,0,10,9,6,3,3,1,0,2,2,1,4.5,0.5,0.5,3,2,1,1.5,2.5,0.5,1,1,2,1,2,1,4,4,0,0,0.495748702490601,0.495748702490601,0,4.5,1.5,9,4.5,1.5,3,9,138,0,0,0,0,0,1.88,1.6,1.61,27,41,13,64,53,80,9,5,3,138,164,121,9,5,13,0,0,0.28,0.27,0.01,14,14,28,11,16,27,4,6,2,26,17,43,4,4,8,5,0,5,6.97,108,261,26,561,36,5,1.5484712,1.5484712,0,3.0969424,0.7742356,1.5484712,0,0.7742356,1.74,1.88,1.605,1.745,7,9,4,6,2.5,0,2.5,0,2.5,4.5,0.5,2.5,151,138,142.5,129.5,58.5,64,66.5,72,2.5,3,1.5,2,2,1.5,1.5,1,2.973
Co2AlTa,260,1,0,1.9937486,5.927,135.75,49,9287.5,7.3243395,2.1875,4.6125,1.05,9,8,2,-7.4394002375,0.7742356,25,35,60,4.5,1.5,10,4.5,4.25,7,3.25,7,5,0.2,0.025,0.425,0.35,11,10,5,3,3,1,0,2,2,1,4.5,1.5,0.5,3,3,1,1.5,1.5,0.5,0,1,1,0,2,2,3,4,1,0,0.361779945870059,0.361779945870059,0,4.5,1.5,9,4.5,1.5,3,9,138,0,0,0,0,0,1.88,1.5,1.61,27,73,13,64,52,80,9,5,3,138,170,121,9,5,13,0,0,0.38,0.27,0.11,46,14,60,12,16,28,4,6,2,32,17,49,4,4,8,5,0,5,6.87,140,260,26,567,36,5,1.5484712,1.5484712,0,3.0969424,0.7742356,1.5484712,0,0.7742356,1.69,1.88,1.555,1.745,7,9,4,6,2.5,0,2.5,0,3,4.5,1,2.5,154,138,145.5,129.5,58,64,66,72,3,3,2,2,1.5,1.5,1,1,2.9635
Co2AlTi,134,1,0,0.9988559,5.847,133.25,39,6251.75,7.143977,2.75,4.55,1.3,8.75,9,2.375,-6.4203571325,0.7742412333,30,22.25,14,4.75,1.75,6.25,2.75,4,7,3.5,8,4,0.32,0.04,0.64,0,11.5,10,4.5,3,3,1,0,2,2,1,4.5,2,0.5,3,3,1,1.5,1,0.5,0.5,1,0.5,0,2,2,2.5,4,1.5,0,0.611610064960998,0.611610064960998,0,4.5,1.5,9,4.5,1.5,3,9,138,0,0,0,0,0,1.88,1.54,1.61,27,22,13,64,51,80,9,4,3,138,160,121,9,4,13,0,0,0.34,0.27,0.07,5,14,9,13,16,29,5,6,1,22,17,39,5,4,9,5,0,5,6.91,89,259,25,557,35,5,1.54844866666667,1.5484712,2.25333333333E-05,3.09696493333333,0.774246866666666,1.5484712,1.126666666665E-05,0.7742356,1.71,1.88,1.575,1.745,6.5,9,3.5,6,2.5,0,2.5,0,3.25,4.5,1.25,2.5,149,138,140.5,129.5,57.5,64,65.5,72,3,3,2,2,1.25,1.5,0.75,1,2.9235
Co2AlV,310,1,0,2.0057788,5.847,131.5,32,6652.5,7.1234945,1.925,4.6625,0.9,9,8,2,-6.711365525,0.7742356,27,22.5,14,4.5,1.5,6.5,2.5,4.25,7,3.25,7,5,0.3076923077,0.0384615385,0.6538461538,0,11,10,5,3,3,1,0,2,2,1,4.5,1.5,0.5,3,3,1,1.5,1.5,0.5,0,1,1,0,2,2,3,4,1,0,0.602005893999529,0.602005893999529,0,4.5,1.5,9,4.5,1.5,3,9,138,0,0,0,0,0,1.88,1.63,1.61,27,23,13,64,54,80,9,5,3,138,153,121,9,5,13,0,0,0.25,0.27,0.02,4,14,10,10,16,26,4,6,2,15,17,32,4,4,8,5,0,5,7,90,262,26,550,36,5,1.5484712,1.5484712,0,3.0969424,0.7742356,1.5484712,0,0.7742356,1.755,1.88,1.62,1.745,7,9,4,6,2.5,0,2.5,0,3,4.5,1,2.5,145.5,138,137,129.5,59,64,67,72,3,3,2,2,1.5,1.5,1,1,2.9235
Co2AlZr,178,1,0,1.0012723,6.078,137,54,6752.75,7.095422,3.9875,4.4625,1.65,8.75,9,2.375,-6.6130399913,0.7742356,29,26.75,27,4.75,1.75,6.25,2.75,4,7,3.5,8,5,0.32,0.04,0.64,0,11.5,10,4.5,3,3,1,0,2,2,1,4.5,2,0.5,3,3,1,1.5,1,0.5,0.5,1,0.5,0,2,2,2.5,4,1.5,0,0.499281683760515,0.499281683760515,0,4.5,1.5,9,4.5,1.5,3,9,138,0,0,0,0,0,1.88,1.33,1.61,27,40,13,64,49,80,9,4,3,138,175,121,9,4,13,0,0,0.55,0.27,0.28,13,14,27,15,16,31,5,6,1,37,17,54,5,4,9,5,0,5,6.7,107,257,25,572,35,5,1.5484712,1.5484712,0,3.0969424,0.7742356,1.5484712,0,0.7742356,1.605,1.88,1.47,1.745,6.5,9,3.5,6,2.5,0,2.5,0,3.25,4.5,1.25,2.5,156.5,138,148,129.5,56.5,64,64.5,72,3,3,2,2,1.25,1.5,0.75,1,3.039
Co2CrGa,495,1,0,3.0305961,5.805,128.25,17,7711,7.13195775,1.46,4.7375,1,9.25,7,1.875,-6.6696875331,0.7742356,25,27.25,7,4.25,1.25,9.25,1.875,7.25,5,2.75,5,0,0.1891891892,0.027027027,0.7837837838,0,12.5,7,6.5,3,3,1,0,2,2,1,4.5,3,0.5,3,0,1,1.5,3,0.5,1.5,1,2.5,3,2,1,1.5,4,2.5,0,0.491959634116407,0.491959634116407,0.217025246395347,4.5,1.5,9,4.5,1.5,3,9,138,3,3,0,6,139,1.88,1.66,1.81,27,24,31,64,57,81,9,6,3,138,139,122,9,6,13,0,0,0.22,0.07,0.15,3,4,7,7,17,24,3,6,3,1,16,17,3,4,7,4,0,4,7.23,109,266,27,537,37,4,1.5484712,1.5484712,0,3.0969424,0.7742356,1.5484712,0,0.7742356,1.77,1.88,1.735,1.845,7.5,9,4.5,6,2,0,2,0,3.75,4.5,1.75,2.5,138.5,138,130.5,130,60.5,64,69,72.5,1.5,3,0.5,2,2.25,1.5,1.75,1,2.9025
Co2FeGa,1100,1,0,5.0082558,5.737,126.5,10,7894.5,7.41593025,0.38,4.8075,1,9.75,5,1.625,-6.3646294881,1.3019013,19,27.75,5,3.75,0.75,9.75,1.625,7.5,4,2.5,4,8,0.2051282051,0.0256410256,0.7692307692,0,13.5,9,5.5,3,3,1,0,2,2,1,4.5,4,0.5,3,2,1,1.5,2,0.5,0.5,1,1.5,1,2,1,0.5,4,3.5,0,0.713586071384573,0.713586071384573,0,8.5,3.5,17,8.5,3.5,5,17,280,0,0,0,0,0,1.88,1.83,1.81,27,26,31,64,61,81,9,8,3,138,142,122,9,8,13,0,0,0.05,0.07,0.02,1,4,5,3,17,20,1,6,5,4,16,20,1,4,5,2,0,2,7.4,111,270,29,540,39,2,0.5621916,1.5484712,2.1106628,5.2076052,1.829567,1.5484712,1.0553314,0.7742356,1.855,1.88,1.82,1.845,8.5,9,5.5,6,1,0,1,0,4.25,4.5,2.25,2.5,140,138,132,130,62.5,64,71,72.5,2.5,3,1.5,2,1.75,1.5,1.25,1,2.8685
Co2FeGe,1000,1,0,5.6515852,5.738,126,12,7749.25,7.8909625,0.735,4.92,0.55,10,6,2,-6.7655755488,1.3019013,24,28,6,3.5,0.5,10,2,7.5,4,2.5,4,5,0.2,0.05,0.75,0,13,9,6,3,3,1,0,2,2,1,4.5,4,0,3,2,1,1.5,2,1,0.5,0.5,1,1,2,1,0.5,4.5,4,0,0.705136634301109,0.705136634301109,0,8.5,3.5,17,8.5,3.5,5,17,280,0,0,0,0,0,1.88,1.83,2.01,27,26,32,64,61,84,9,8,4,138,142,120,9,8,14,0,0,0.05,0.13,0.18,1,5,6,3,20,23,1,5,4,4,18,22,1,5,6,2,0,2,7.6,112,273,30,538,40,2,0.5621916,1.5484712,2.1106628,5.2076052,1.829567,1.5484712,1.0553314,0.7742356,1.855,1.88,1.92,1.945,8.5,9,6,6.5,1,0,1,0,4.25,4.5,2,2.25,140,138,131,129,62.5,64,72.5,74,2.5,3,1.5,2,1.75,1.5,1.5,1.25,2.869
Co2FeSi,1100,1,0,5.4631663,5.658,123.75,21,7001,7.954025,0.85125,4.9575,0.4,10,6,2,-6.9677951638,1.3019013,23,23.5,13,3.5,0.5,7.5,1.75,5,7,2.5,4,5,0.2666666667,0.0666666667,0.6666666667,0,13,9,6,3,3,1,0,2,2,1,4.5,4,0,3,2,1,1.5,2,1,0.5,0.5,1,1,2,1,0.5,4.5,4,0,0.860822929431668,0.860822929431668,0,8.5,3.5,17,8.5,3.5,5,17,280,0,0,0,0,0,1.88,1.83,1.9,27,26,14,64,61,85,9,8,4,138,142,111,9,8,14,0,0,0.05,0.02,0.07,1,13,12,3,21,24,1,5,4,4,27,31,1,5,6,2,0,2,7.49,94,274,30,529,40,2,0.5621916,1.5484712,2.1106628,5.2076052,1.829567,1.5484712,1.0553314,0.7742356,1.855,1.88,1.865,1.89,8.5,9,6,6.5,1,0,1,0,4.25,4.5,2,2.25,140,138,126.5,124.5,62.5,64,73,74.5,2.5,3,1.5,2,1.75,1.5,1.5,1.25,2.829
Co2GaHf,186,1,0,0.9919185,6.032,137.25,53,9253.5,7.14659775,3.185,4.475,1.5,8.75,9,2.375,-6.7818332319,0.7742356,29,39.25,45,4.75,1.75,12.25,3.25,6.5,8,3.5,8,0,0.1632653061,0.0204081633,0.5306122449,0.2857142857,11.5,10,4.5,3,3,1,0,2,2,1,4.5,2,0.5,3,3,1,1.5,1,0.5,0.5,1,0.5,0,2,2,2.5,4,1.5,0,0.321969477713564,0.321969477713564,0,4.5,1.5,9,4.5,1.5,3,9,138,0,0,0,0,0,1.88,1.3,1.81,27,72,31,64,50,81,9,4,3,138,175,122,9,4,13,0,0,0.58,0.07,0.51,45,4,41,14,17,31,5,6,1,37,16,53,5,4,9,6,0,6,6.87,157,259,25,573,35,6,1.5484712,1.5484712,0,3.0969424,0.7742356,1.5484712,0,0.7742356,1.59,1.88,1.555,1.845,6.5,9,3.5,6,3,0,3,0,3.25,4.5,1.25,2.5,156.5,138,148.5,130,57,64,65.5,72.5,3,3,2,2,1.25,1.5,0.75,1,3.016
Co2GaMn,694,1,0,4.0987789,5.767,128.25,17,7793.5,7.29883525,0.635,4.6875,1,9.5,6,1.75,-6.5483997107,0.7743131302,22,27.5,6,4,1,9.5,1.75,7.25,5,2.75,5,5,0.2105263158,0.0263157895,0.7631578947,0,12,7,6,3,3,1,0,2,2,1,4.5,2.5,0.5,3,0,1,1.5,2.5,0.5,1,1,2,3,2,1,2,4,2,0,0.712514998560884,0.485991986844705,0.22652301171618,7,4,16,4.5,1.5,3,9,138,2.5,2.5,0,7,150,1.88,1.55,1.81,27,25,31,64,60,81,9,7,3,138,150,122,9,7,13,0,0,0.33,0.07,0.26,2,4,6,4,17,21,2,6,4,12,16,28,2,4,6,3,0,3,7.12,110,269,28,548,38,3,1.54816107931035,1.5484712,0.000310120689655,3.09725252068965,0.774390660344827,1.5484712,0.000155060344828,0.7742356,1.715,1.88,1.68,1.845,8,9,5,6,1.5,0,1.5,0,3.5,4.5,1.5,2.5,144,138,136,130,62,64,70.5,72.5,1.5,3,0.5,2,2,1.5,1.5,1,2.8835
Co2GaTi,130,1,0,1.0026801,5.848,133.5,38,7052.75,7.14736025,2.585,4.525,1.3,8.75,9,2.375,-6.2370651781,0.7742412333,31,26.75,9,4.75,1.75,8.75,2.375,6.5,8,3.5,8,4,0.2285714286,0.0285714286,0.7428571429,0,11.5,10,4.5,3,3,1,0,2,2,1,4.5,2,0.5,3,3,1,1.5,1,0.5,0.5,1,0.5,0,2,2,2.5,4,1.5,0,0.50058692397348,0.50058692397348,0,4.5,1.5,9,4.5,1.5,3,9,138,0,0,0,0,0,1.88,1.54,1.81,27,22,31,64,51,81,9,4,3,138,160,122,9,4,13,0,0,0.34,0.07,0.27,5,4,9,13,17,30,5,6,1,22,16,38,5,4,9,5,0,5,7.11,107,260,25,558,35,5,1.54844866666667,1.5484712,2.25333333333E-05,3.09696493333333,0.774246866666666,1.5484712,1.126666666665E-05,0.7742356,1.71,1.88,1.675,1.845,6.5,9,3.5,6,2.5,0,2.5,0,3.25,4.5,1.25,2.5,149,138,141,130,57.5,64,66,72.5,3,3,2,2,1.25,1.5,0.75,1,2.924
Co2GaV,352,1,0,2.0024034,5.779,131.75,31,7453.5,7.12687775,1.76,4.6375,1,9,8,2,-6.5280735706,0.7742356,28,27,8,4.5,1.5,9,2,6.75,7,3.25,7,5,0.2222222222,0.0277777778,0.75,0,11,10,5,3,3,1,0,2,2,1,4.5,1.5,0.5,3,3,1,1.5,1.5,0.5,0,1,1,0,2,2,3,4,1,0,0.494134700960534,0.494134700960534,0,4.5,1.5,9,4.5,1.5,3,9,138,0,0,0,0,0,1.88,1.63,1.81,27,23,31,64,54,81,9,5,3,138,153,122,9,5,13,0,0,0.25,0.07,0.18,4,4,8,10,17,27,4,6,2,15,16,31,4,4,8,5,0,5,7.2,108,263,26,551,36,5,1.5484712,1.5484712,0,3.0969424,0.7742356,1.5484712,0,0.7742356,1.755,1.88,1.72,1.845,7,9,4,6,2.5,0,2.5,0,3,4.5,1,2.5,145.5,138,137.5,130,59,64,67.5,72.5,3,3,2,2,1.5,1.5,1,1,2.8895
Co2GeMn,905,1,0,5.00069,5.74,127.75,19,7648.25,7.7738675,0.92,4.8,0.65,9.75,7,2.125,-6.9493457713,0.7743131302,27,27.75,7,3.75,0.75,9.75,2.125,7.25,5,2.75,5,5,0.2051282051,0.0512820513,0.7435897436,0,11.5,7,6.5,3,3,1,0,2,2,1,4.5,2.5,0,3,0,1,1.5,2.5,1,1,0.5,1.5,3,2,1,2,4.5,2.5,0,0.704047068738796,0.480216184164045,0.223830884574751,7,4,16,4.5,1.5,3,9,138,2.5,2.5,0,7,150,1.88,1.55,2.01,27,25,32,64,60,84,9,7,4,138,150,120,9,7,14,0,0,0.33,0.13,0.46,2,5,7,4,20,24,2,5,3,12,18,30,2,5,7,3,0,3,7.32,111,272,29,546,39,3,1.54816107931035,1.5484712,0.000310120689655,3.09725252068965,0.774390660344827,1.5484712,0.000155060344828,0.7742356,1.715,1.88,1.78,1.945,8,9,5.5,6.5,1.5,0,1.5,0,3.5,4.5,1.25,2.25,144,138,135,129,62,64,72,74,1.5,3,0.5,2,2,1.5,1.75,1.25,2.87
Co2GeTi,386,1,0,1.9996736,5.831,133,40,6907.5,7.6223925,2.87,4.6375,1.3,9,10,2.5,-6.6380112388,0.7742412333,36,27,10,4.5,1.75,9,2.5,6.5,8,3.5,8,5,0.2222222222,0.0555555556,0.7222222222,0,11,10,5,3,3,1,0,2,2,1,4.5,2,0,3,3,1,1.5,1,1,0.5,0.5,0,0,2,2,2.5,4.5,2,0,0.494461189648727,0.494461189648727,0,4.5,1.5,9,4.5,1.5,3,9,138,0,0,0,0,0,1.88,1.54,2.01,27,22,32,64,51,84,9,4,4,138,160,120,9,4,14,0,0,0.34,0.13,0.47,5,5,10,13,20,33,5,5,0,22,18,40,5,5,10,5,0,5,7.31,108,263,26,556,36,5,1.54844866666667,1.5484712,2.25333333333E-05,3.09696493333333,0.774246866666666,1.5484712,1.126666666665E-05,0.7742356,1.71,1.88,1.775,1.945,6.5,9,4,6.5,2.5,0,2.5,0,3.25,4.5,1,2.25,149,138,140,129,57.5,64,67.5,74,3,3,2,2,1.25,1.5,1,1.25,2.9155
Co2HfSn,394,1,1,1.9857679,6.215,141.5,49,9605,7.4827525,3.3175,4.4875,1.5,9,10,2.5,-7.0190311788,0.7742356,35,44,45,4.5,1.75,12.5,3.5,6.5,8,3.5,8,0,0.16,0.04,0.52,0.28,11,10,5,3,3,1,0,2,2,1,4.5,2,0,3,3,1,1.5,1,1,0.5,0.5,0,0,2,2,2.5,4.5,2,0,0.283969969237933,0.283969969237933,0,4.5,1.5,9,4.5,1.5,3,9,138,0,0,0,0,0,1.88,1.3,1.96,27,72,50,64,50,83,9,4,4,138,175,139,9,4,14,0,0,0.58,0.08,0.66,45,23,22,14,19,33,5,5,0,37,1,36,5,5,10,6,0,6,7.02,176,261,26,590,36,6,1.5484712,1.5484712,0,3.0969424,1.5484712,0.7742356,0.7742356,0,1.88,1.59,1.92,1.63,9,6.5,6.5,4,0,3,0,3,4.5,3.25,2.25,1,138,156.5,138.5,157,64,57,73.5,66.5,3,3,2,2,1.5,1.25,1.25,1,3.1075
Co2MnSi,985,1,1,5.007329,5.65,125.5,28,6900,7.83693,0.97625,4.8375,0.65,9.75,7,2.125,-7.1515653863,0.7743131302,26,23.25,13,3.75,0.75,7.25,1.75,4.75,7,2.75,5,7,0.275862069,0.0689655172,0.6551724138,0,11.5,7,6.5,3,3,1,0,2,2,1,4.5,2.5,0,3,0,1,1.5,2.5,1,1,0.5,1.5,3,2,1,2,4.5,2.5,0,0.860194588643776,0.586721231205535,0.273473357438241,7,4,16,4.5,1.5,3,9,138,2.5,2.5,0,7,150,1.88,1.55,1.9,27,25,14,64,60,85,9,7,4,138,150,111,9,7,14,0,0,0.33,0.02,0.35,2,13,11,4,21,25,2,5,3,12,27,39,2,5,7,3,0,3,7.21,93,273,29,537,39,3,1.54816107931035,1.5484712,0.000310120689655,3.09725252068965,1.5484712,0.774390660344827,0.7742356,0.000155060344828,1.88,1.715,1.89,1.725,9,8,6.5,5.5,0,1.5,0,1.5,4.5,3.5,2.25,1.25,138,144,124.5,130.5,64,62,74.5,72.5,3,1.5,2,0.5,1.5,2,1.25,1.75,2.825
Co2MnSn,829,1,1,5.0286564,5.995,132.5,13,8145,7.63499,0.7675,4.7,0.95,9.75,7,2.125,-6.7855976576,0.7743131302,28,32.25,25,3.75,0.75,9.75,2.125,7.25,5,2.75,5,5,0.2051282051,0.0512820513,0.7435897436,0,11.5,7,6.5,3,3,1,0,2,2,1,4.5,2.5,0,3,0,1,1.5,2.5,1,1,0.5,1.5,3,2,1,2,4.5,2.5,0,0.592781743380907,0.404324369048826,0.188457374332081,7,4,16,4.5,1.5,3,9,138,2.5,2.5,0,7,150,1.88,1.55,1.96,27,25,50,64,60,83,9,7,4,138,150,139,9,7,14,0,0,0.33,0.08,0.41,2,23,25,4,19,23,2,5,3,12,1,11,2,5,7,3,0,3,7.27,129,271,29,565,39,3,1.54816107931035,1.5484712,0.000310120689655,3.09725252068965,1.5484712,0.774390660344827,0.7742356,0.000155060344828,1.88,1.715,1.92,1.755,9,8,6.5,5.5,0,1.5,0,1.5,4.5,3.5,2.25,1.25,138,144,138.5,144.5,64,62,73.5,71.5,3,1.5,2,0.5,1.5,2,1.25,1.75,2.9975
Co2NbSn,105,1,0,1.7507016,6.143,138.75,38,8420,7.4661975,3.13,4.6,1.05,9.25,9,2.375,-7.0537867275,0.7742356,33,36.25,23,4.25,1.375,9.25,2.375,7,6,3,6,7,0.1891891892,0.0540540541,0.7567567568,0,9.5,9,6.5,3,3,1,0,2,2,1,4.5,0.5,0,3,2,1,1.5,2.5,1,1,0.5,1.5,1,2,1,4,4.5,0.5,0,0.357731574248936,0.357731574248936,0,4.5,1.5,9,4.5,1.5,3,9,138,0,0,0,0,0,1.88,1.6,1.96,27,41,50,64,53,83,9,5,4,138,164,139,9,5,14,0,0,0.28,0.08,0.36,14,23,9,11,19,30,4,5,1,26,1,25,4,5,9,5,0,5,7.32,145,264,27,579,37,5,1.5484712,1.5484712,0,3.0969424,0.7742356,1.5484712,0,0.7742356,1.74,1.88,1.78,1.92,7,9,4.5,6.5,2.5,0,2.5,0,2.5,4.5,0.25,2.25,151,138,151.5,138.5,58.5,64,68,73.5,2.5,3,1.5,2,2,1.5,1.75,1.25,3.0715
Co2ScSn,254,1,0,1.037741,6.188,140.25,44,7023.75,7.4168575,3.9175,4.4,1.85,8.75,11,2.875,-6.1018346175,0.7742371875,69,31.25,29,4.75,2.125,8.75,2.875,6.25,9,3.75,9,9,0.2285714286,0.0571428571,0.7142857143,0,10.5,9,4.5,3,3,1,0,2,2,1,4.5,1.5,0,3,2,1,1.5,0.5,1,1,0.5,0.5,1,2,1,3,4.5,1.5,0,0.41866027153076,0.41866027153076,0,4.5,1.5,9,4.5,1.5,3,9,138,0,0,0,0,0,1.88,1.36,1.96,27,21,50,64,19,83,9,3,4,138,170,139,9,3,14,0,0,0.52,0.08,0.6,6,23,29,45,19,64,6,5,1,32,1,31,6,5,11,7,0,7,7.08,125,230,25,585,35,7,1.54846485,1.5484712,6.35E-06,3.09694875,0.774238775,1.5484712,3.175E-06,0.7742356,1.62,1.88,1.66,1.92,6,9,3.5,6.5,3.5,0,3.5,0,3,4.5,0.75,2.25,154,138,154.5,138.5,41.5,64,51,73.5,2.5,3,1.5,2,1,1.5,0.75,1.25,3.094
Co2SiTi,375,1,0,1.9971687,5.77,130.75,49,6159.25,7.685455,2.90875,4.675,1.3,9,10,2.5,-6.8402308538,0.7742412333,35,22.5,13,4.5,1.75,6.5,2.5,4,7,3.5,8,5,0.3076923077,0.0769230769,0.6153846154,0,11,10,5,3,3,1,0,2,2,1,4.5,2,0,3,3,1,1.5,1,1,0.5,0.5,0,0,2,2,2.5,4.5,2,0,0.60812643184573,0.60812643184573,0,4.5,1.5,9,4.5,1.5,3,9,138,0,0,0,0,0,1.88,1.54,1.9,27,22,14,64,51,85,9,4,4,138,160,111,9,4,14,0,0,0.34,0.02,0.36,5,13,8,13,21,34,5,5,0,22,27,49,5,5,10,5,0,5,7.2,90,264,26,547,36,5,1.54844866666667,1.5484712,2.25333333333E-05,3.09696493333333,0.774246866666666,1.5484712,1.126666666665E-05,0.7742356,1.71,1.88,1.72,1.89,6.5,9,4,6.5,2.5,0,2.5,0,3.25,4.5,1,2.25,149,138,135.5,124.5,57.5,64,68,74.5,3,3,2,2,1.25,1.5,1,1.25,2.885
Co2SnTi,371,1,1,2.0001273,6.076,137.75,34,7404.25,7.483515,2.7175,4.5375,1.3,9,10,2.5,-6.474263125,0.7742412333,37,31.5,28,4.5,1.75,9,2.5,6.5,8,3.5,8,8,0.2222222222,0.0555555556,0.7222222222,0,11,10,5,3,3,1,0,2,2,1,4.5,2,0,3,3,1,1.5,1,1,0.5,0.5,0,0,2,2,2.5,4.5,2,0,0.414375563446913,0.414375563446913,0,4.5,1.5,9,4.5,1.5,3,9,138,0,0,0,0,0,1.88,1.54,1.96,27,22,50,64,51,83,9,4,4,138,160,139,9,4,14,0,0,0.34,0.08,0.42,5,23,28,13,19,32,5,5,0,22,1,21,5,5,10,5,0,5,7.26,126,262,26,575,36,5,1.54844866666667,1.5484712,2.25333333333E-05,3.09696493333333,1.5484712,0.774246866666666,0.7742356,1.126666666665E-05,1.88,1.71,1.92,1.75,9,6.5,6.5,4,0,2.5,0,2.5,4.5,3.25,2.25,1,138,149,138.5,149.5,64,57.5,73.5,67,3,3,2,2,1.5,1.25,1.25,1,3.038
Co2SnV,95,1,0,3.0201765,5.96,136,27,7805,7.4630325,1.8925,4.65,0.95,9.25,9,2.375,-6.7652715175,0.7742356,34,31.75,27,4.25,1.375,9.25,2.375,6.75,7,3.25,7,0,0.2162162162,0.0540540541,0.7297297297,0,10.5,10,5.5,3,3,1,0,2,2,1,4.5,1.5,0,3,3,1,1.5,1.5,1,0,0.5,0.5,0,2,2,3,4.5,1.5,0,0.409944542929137,0.409944542929137,0,4.5,1.5,9,4.5,1.5,3,9,138,0,0,0,0,0,1.88,1.63,1.96,27,23,50,64,54,83,9,5,4,138,153,139,9,5,14,0,0,0.25,0.08,0.33,4,23,27,10,19,29,4,5,1,15,1,14,4,5,9,5,0,5,7.35,127,265,27,568,37,5,1.5484712,1.5484712,0,3.0969424,0.7742356,1.5484712,0,0.7742356,1.755,1.88,1.795,1.92,7,9,4.5,6.5,2.5,0,2.5,0,3,4.5,0.75,2.25,145.5,138,146,138.5,59,64,68.5,73.5,3,3,2,2,1.5,1.5,1.25,1.25,2.98
Co2SnZr,448,1,0,1.996513,6.233,141.5,49,7905.25,7.43496,3.955,4.45,1.65,9,10,2.5,-6.6669459838,0.7742356,36,36,23,4.5,1.75,9,2.5,6.5,8,3.5,8,9,0.2222222222,0.0555555556,0.7222222222,0,11,10,5,3,3,1,0,2,2,1,4.5,2,0,3,3,1,1.5,1,1,0.5,0.5,0,0,2,2,2.5,4.5,2,0,0.359567570984281,0.359567570984281,0,4.5,1.5,9,4.5,1.5,3,9,138,0,0,0,0,0,1.88,1.33,1.96,27,40,50,64,49,83,9,4,4,138,175,139,9,4,14,0,0,0.55,0.08,0.63,13,23,10,15,19,34,5,5,0,37,1,36,5,5,10,5,0,5,7.05,144,260,26,590,36,5,1.5484712,1.5484712,0,3.0969424,0.7742356,1.5484712,0,0.7742356,1.605,1.88,1.645,1.92,6.5,9,4,6.5,2.5,0,2.5,0,3.25,4.5,1,2.25,156.5,138,157,138.5,56.5,64,66,73.5,3,3,2,2,1.25,1.5,1,1.25,3.1165
Cu2AlMn,630,1,0,3.5082306,5.968,131,18,7002.5,7.218137,1.1375,4.3875,0.25,10.5,6,1.75,-5.0318245026,7.753017241375E-05,21,24,16,3,2,8,3,6.25,10,1.25,5,4,0.1875,0.03125,0.78125,0,4,1,4,3,3,1,0,2,2,1,0.5,2.5,0.5,0,0,1,0.5,2.5,0.5,2,0,2,0,1,1,2,0,2,0,0.262846891324161,0,0.262846891324161,2.5,2.5,7,0,0,0,0,0,2.5,2.5,0,7,150,1.9,1.55,1.61,29,25,13,72,60,80,11,7,3,132,150,121,11,7,13,0,0,0.35,0.29,0.06,4,16,12,12,8,20,4,8,4,18,11,29,4,2,6,3,0,3,6.96,96,284,32,535,42,3,0.000310120689655,0,0.000310120689655,0.000310120689655,0.000155060344828,0,0.000155060344828,0,1.725,1.9,1.58,1.755,9,11,5,7,1.5,0,1.5,0,1.5,0.5,1.5,0.5,141,132,135.5,126.5,66,72,70,76,0,0,0.5,0.5,1.5,0.5,1.5,0.5,2.984
Cu2CeIn,2.3,-1,0,0,6.791,152.5,72,7959.75,6.694455,8.35625,3.995,1.27,9.5,10,3.25,-3.7011703125,0,60,41.25,29,7.25,7.375,9.75,2.875,7.75,9,2.25,9,4,0.1538461538,0.0256410256,0.7948717949,0.0256410256,4,4,2,3,2,1,1,2,1,5,0.5,2.5,0.5,0,3,1,0.5,0.5,0.5,0,0,0,3,1,2,2,0,2,2.1428571429,0,0,0.366770848057462,0,0,0,0,0,0,0,0,2.5,0.5,3,2,204,1.9,1.12,1.78,29,58,49,72,32,79,11,2,3,132,204,142,11,4,13,0,0,0.78,0.12,0.66,29,20,9,40,7,47,9,8,1,72,10,62,7,2,9,0,0,0,6.7,165,255,27,610,39,0,0,0,0,0,0,0,0,0,1.51,1.9,1.45,1.84,6.5,11,2.5,7,0,0,0,0,1.5,0.5,1.5,0.5,168,132,173,137,52,72,55.5,75.5,1.5,0,2,0.5,0.5,0.5,0.5,0.5,3.3955
Cu2DyIn,3,-1,0,0,6.593,149.5,60,8425.25,6.794505,6.44375,4.0025,1.24,9.5,10,3.25,-3.6574165133,0,44,43.25,37,2.75,1.75,11.75,0.75,7.5,10,0,0,8,0.1276595745,0.0212765957,0.6382978723,0.2127659574,9,6,4,3,2,1,1,2,1,5,0.5,7.5,0.5,0,5,1,0.5,2.5,0.5,2,0,2,5,1,4,7,0,7,10,0,0,0.401819935214263,0,0,0,0,0,0,0,0,7.5,2.5,5,2,192,1.9,1.22,1.78,29,66,49,72,24,79,11,2,3,132,192,142,11,12,13,0,0,0.68,0.12,0.56,37,20,17,48,7,55,9,8,1,60,10,50,1,2,1,0,0,0,6.8,173,247,27,598,47,0,0,0,0,0,0,0,0,0,1.56,1.9,1.5,1.84,6.5,11,2.5,7,0,0,0,0,4,0.5,4,0.5,162,132,167,137,48,72,51.5,75.5,2.5,0,3,0.5,1.5,0.5,1.5,0.5,3.2965
Cu2GdIn,12,-1,0,0,6.447,150.5,64,8262.75,6.84723,6.06875,4,1.25,9.5,10,3.25,-3.6706332275,0,48,42.75,35,5.75,5.125,11.25,0.875,7.75,9,2.25,9,5,0.1333333333,0.0222222222,0.6888888889,0.1555555556,5,1,5,3,2,1,1,2,1,5,0.5,3.5,0.5,0,0,1,0.5,3.5,0.5,3,0,3,0,1,1,3,0,3,7,0,0.787904599659285,0,0,0,0,7,7,0,4,392,0,0,0,0,0,1.9,1.2,1.78,29,64,49,72,27,79,11,2,3,132,196,142,11,10,13,0,0,0.7,0.12,0.58,35,20,15,45,7,52,9,8,1,64,10,54,1,2,3,0,0,0,6.78,171,250,27,602,45,0,0,0,0,0,0,0,0,0,1.55,1.9,1.49,1.84,6.5,11,2.5,7,0,0,0,0,2,0.5,2,0.5,164,132,169,137,49.5,72,53,75.5,0,0,0.5,0.5,2,0.5,2,0.5,3.2235
Cu2InMn,500,1,1,3.7306001,6.206,136.25,10,8155,7.168285,1.6875,4.3125,0.55,10.5,6,1.75,-4.7621692126,7.753017241375E-05,23,33,24,3,2,10.5,1.75,8.75,5,1.25,5,0,0.1428571429,0.0238095238,0.8333333333,0,4,1,4,3,3,1,0,2,2,1,0.5,2.5,0.5,0,0,1,0.5,2.5,0.5,2,0,2,0,1,1,2,0,2,0,0.185071271060586,0,0.185071271060586,2.5,2.5,7,0,0,0,0,0,2.5,2.5,0,7,150,1.9,1.55,1.78,29,25,49,72,60,79,11,7,3,132,150,142,11,7,13,0,0,0.35,0.12,0.23,4,20,24,12,7,19,4,8,4,18,10,8,4,2,6,3,0,3,7.13,132,283,32,556,42,3,0.000310120689655,0,0.000310120689655,0.000310120689655,0,0.000155060344828,0,0.000155060344828,1.9,1.725,1.84,1.665,11,9,7,5,0,1.5,0,1.5,0.5,1.5,0.5,1.5,132,141,137,146,72,66,75.5,69.5,0,0,0.5,0.5,0.5,1.5,0.5,1.5,3.103
Cu2InNd,2,-1,0,0,6.735,151.75,69,8040,6.69103,9.03125,3.9975,1.26,9.5,10,3.25,-3.697615735,0,56,41.75,31,4.25,3.25,10.25,2.125,7.5,10,0,0,5,0.1463414634,0.0243902439,0.7317073171,0.0975609756,6,7,3,3,2,1,1,2,1,5,0.5,4.5,0.5,0,6,1,0.5,1.5,0.5,1,0,1,6,1,5,4,0,4,3.2727272727,0,0,0.373536845594481,0,0,0,0,0,0,0,0,4.5,1.5,6,2,201,1.9,1.14,1.78,29,60,49,72,30,79,11,2,3,132,201,142,11,6,13,0,0,0.76,0.12,0.64,31,20,11,42,7,49,9,8,1,69,10,59,5,2,7,0,0,0,6.72,167,253,27,607,41,0,0,0,0,0,0,0,0,0,1.52,1.9,1.46,1.84,6.5,11,2.5,7,0,0,0,0,2.5,0.5,2.5,0.5,166.5,132,171.5,137,51,72,54.5,75.5,3,0,3.5,0.5,1,0.5,1,0.5,3.3675
Cu2InSm,7,-1,0,0,6.685,151,66,8125.75,6.720705,8.05625,4,1.25,9.5,10,3.25,-3.6853728088,0,52,42.25,33,3.75,2.75,10.75,1.375,7.5,10,0,0,8,0.1395348837,0.023255814,0.6976744186,0.1395348837,4,6,4,3,2,1,1,2,1,5,0.5,2.5,0.5,0,5,1,0.5,2.5,0.5,2,0,2,5,1,4,2,0,2,0.7142857143,0,0,0.383307415810539,0,0,0,0,0,0,0,0,2.5,2.5,5,2,198,1.9,1.17,1.78,29,62,49,72,28,79,11,2,3,132,198,142,11,8,13,0,0,0.73,0.12,0.61,33,20,13,44,7,51,9,8,1,66,10,56,3,2,5,9,0,9,6.75,169,251,27,604,43,9,0,0,0,0,0,0,0,0,1.535,1.9,1.475,1.84,6.5,11,2.5,7,4.5,0,4.5,0,1.5,0.5,1.5,0.5,165,132,170,137,50,72,53.5,75.5,2.5,0,3,0.5,1.5,0.5,1.5,0.5,3.3425
Cu2InTb,6,-1,0,0,6.616,150,62,8342.25,6.77573,6.81875,4.0025,1.24,9.5,10,3.25,-3.6643323242,0,46,43,36,3,2,11.5,0.75,7.5,10,0,0,4,0.1304347826,0.0217391304,0.652173913,0.1956521739,7.5,4,4.5,3,2,1,1,2,1,5,0.5,6,0.5,0,3,1,0.5,3,0.5,2.5,0,2.5,3,1,2,5.5,0,5.5,9,0,0.396485364876127,0,0,0,0,6,3,3,2,194,0,0,0,0,0,1.9,1.1,1.78,29,65,49,72,26,79,11,2,3,132,194,142,11,11,13,0,0,0.8,0.12,0.68,36,20,16,46,7,53,9,8,1,62,10,52,0,2,2,0,0,0,6.68,172,249,27,600,46,0,0,0,0,0,0,0,0,0,1.5,1.9,1.44,1.84,6.5,11,2.5,7,0,0,0,0,3.25,0.5,3.25,0.5,163,132,168,137,49,72,52.5,75.5,1.5,0,2,0.5,1.75,0.5,1.75,0.5,3.308
Cu2MnSb,38,-1,0,3.8926315,6.096,135.5,7,8001.75,7.8737925,1.1625,4.4375,0.05,11,8,2,-5.1248093076,7.753017241375E-05,33,33.5,26,2.5,1.5,11,2,8.75,5,1.25,5,9,0.1363636364,0.0681818182,0.7954545455,0,5,0,5,3,3,1,0,2,2,1,0.5,2.5,1.5,0,0,0,0.5,2.5,1.5,2,1,1,0,0,0,2,1,1,0,0.180842150373953,0,0.180842150373953,2.5,2.5,7,0,0,0,0,0,2.5,2.5,0,7,150,1.9,1.55,2.05,29,25,51,72,60,88,11,7,5,132,150,139,11,7,15,0,0,0.35,0.15,0.5,4,22,26,12,16,28,4,6,2,18,7,11,4,4,8,3,0,3,7.4,134,292,34,553,44,3,0.000310120689655,0,0.000310120689655,0.000310120689655,0.000155060344828,0,0.000155060344828,0,1.725,1.9,1.8,1.975,9,11,6,8,1.5,0,1.5,0,1.5,0.5,2,1,141,132,144.5,135.5,66,72,74,80,0,0,0,0,1.5,0.5,2,1,3.048
Cu2MnSn,630,1,0,3.9025817,6.176,135.5,7,8155,7.557675,1.105,4.375,0.3,10.75,7,1.875,-5.0857304951,7.753017241375E-05,28,33.25,25,2.75,1.75,10.75,1.875,8.75,5,1.25,5,0,0.1395348837,0.0465116279,0.8139534884,0,3.5,1,4.5,3,3,1,0,2,2,1,0.5,2.5,0,0,0,1,0.5,2.5,1,2,0.5,1.5,0,1,1,2,0.5,2.5,0,0.182676188001501,0,0.182676188001501,2.5,2.5,7,0,0,0,0,0,2.5,2.5,0,7,150,1.9,1.55,1.96,29,25,50,72,60,83,11,7,4,132,150,139,11,7,14,0,0,0.35,0.06,0.41,4,21,25,12,11,23,4,7,3,18,7,11,4,3,7,3,0,3,7.31,133,287,33,553,43,3,0.000310120689655,0,0.000310120689655,0.000310120689655,0.000155060344828,0,0.000155060344828,0,1.725,1.9,1.755,1.93,9,11,5.5,7.5,1.5,0,1.5,0,1.5,0.5,1.25,0.25,141,132,144.5,135.5,66,72,71.5,77.5,0,0,0.5,0.5,1.5,0.5,1.75,0.75,3.088
Fe2AlCr,210,1,0,0.9974452,5.805,131,18,6397,7.1392695,1.4,4.6775,0.73,8.75,7,2.125,-7.455527095,1.0553314,24,22.25,13,4.75,0.75,6.25,1.75,4.25,6,3.25,5,7,0.28,0.04,0.68,0,11.5,5,7.5,3,3,1,0,2,2,1,4,3,0.5,2,0,1,2,3,0.5,1,1.5,2.5,2,1,1,1,3.5,2.5,0,0.585783727223441,0.585783727223441,0.272705428051596,4,2,8,4,2,2,8,142,3,3,0,6,139,1.83,1.66,1.61,26,24,13,61,57,80,8,6,3,142,139,121,8,6,13,2,0,0.17,0.22,0.05,2,13,11,4,19,23,2,5,3,3,21,18,2,5,7,2,2,4,6.93,89,259,25,544,35,8,2.1106628,2.1106628,0,4.2213256,1.0553314,2.1106628,0,1.0553314,1.745,1.83,1.635,1.72,7,8,4.5,5.5,3,2,2,1,3.5,4,1.75,2.25,140.5,142,130,131.5,59,61,68.5,70.5,1,2,0.5,1.5,2.5,2,1.75,1.25,2.9025
Fe2AlMn,150,1,0,2.2453051,5.816,131,18,6479.5,7.306147,0.725,4.6275,0.73,9,6,2,-7.3342392726,1.0554089302,21,22.5,13,4.5,0.5,6.5,1.75,4.25,6,3.25,5,9,0.3076923077,0.0384615385,0.6538461538,0,11,5,7,3,3,1,0,2,2,1,4,2.5,0.5,2,0,1,2,2.5,0.5,0.5,1.5,2,2,1,1,1.5,3.5,2,0,0.860639447189018,0.57688260014418,0.283756847044838,6.5,4.5,15,4,2,2,8,142,2.5,2.5,0,7,150,1.83,1.55,1.61,26,25,13,61,60,80,8,7,3,142,150,121,8,7,13,2,0,0.28,0.22,0.06,1,13,12,1,19,20,1,5,4,8,21,29,1,5,6,1,2,3,6.82,90,262,26,555,36,7,2.11035267931034,2.1106628,0.000310120689655,4.22163572068966,1.05548646034483,2.1106628,0.000155060344828,1.0553314,1.69,1.83,1.58,1.72,7.5,8,5,5.5,2.5,2,1.5,1,3.25,4,1.5,2.25,146,142,135.5,131.5,60.5,61,70,70.5,1,2,0.5,1.5,2.25,2,1.5,1.25,2.908
Fe2AlNi,965,1,0,4.39906,5.758,127.25,11,6839,7.357592,0.8,4.815,1,9.75,5,1.75,-6.4656791025,1.204180075,18,23.25,15,3.75,0.875,7.25,2.125,5,8,2.5,4,5,0.275862069,0.0344827586,0.6896551724,0,12.5,8,5.5,3,3,1,0,2,2,1,4,4,0.5,2,3,1,2,1,0.5,1,1.5,0.5,1,1,2,0,3.5,3.5,0,0.863291125610291,0.863291125610291,0,8,3,18,8,3,5,18,266,0,0,0,0,0,1.83,1.91,1.61,26,28,13,61,67,80,8,10,3,142,124,121,8,10,13,2,0,0.08,0.22,0.3,2,13,15,6,19,13,2,5,7,18,21,3,2,5,3,2,2,0,7.18,93,269,29,529,39,4,1.5152681,2.1106628,0.5953947,4.8167203,1.35302875,2.1106628,0.29769735,1.0553314,1.87,1.83,1.76,1.72,9,8,6.5,5.5,1,2,0,1,4,4,2.25,2.25,133,142,122.5,131.5,64,61,73.5,70.5,2.5,2,2,1.5,1.5,2,0.75,1.25,2.879
Fe2AlTi,123,1,0,0.9401511,5.879,136.25,39,5738.75,7.154672,2.525,4.465,1.13,8.25,9,2.375,-7.02290474,1.0553370333,30,21.75,13,5.25,1.375,5.75,2.25,3.5,6,4,8,8,0.347826087,0.0434782609,0.6086956522,0,10.5,8,5.5,3,3,1,0,2,2,1,4,2,0.5,2,3,1,2,1,0.5,1,1.5,0.5,1,1,2,2,3.5,1.5,0,0.598750268112157,0.598750268112157,0,4,2,8,4,2,2,8,142,0,0,0,0,0,1.83,1.54,1.61,26,22,13,61,51,80,8,4,3,142,160,121,8,4,13,2,0,0.29,0.22,0.07,4,13,9,10,19,29,4,5,1,18,21,39,4,5,9,3,2,5,6.81,87,253,23,565,33,9,2.11064026666667,2.1106628,2.25333333333E-05,4.22134813333333,1.05534266666667,2.1106628,1.126666666665E-05,1.0553314,1.685,1.83,1.575,1.72,6,8,3.5,5.5,3.5,2,2.5,1,3,4,1.25,2.25,151,142,140.5,131.5,56,61,65.5,70.5,2.5,2,2,1.5,1.5,2,0.75,1.25,2.9395
Fe2CoGa,1165,1,1,6.0202955,5.767,128,10,7638,7.42127775,0.3025,4.765,1,9.5,5,1.75,-6.6659032919,1.4424492,19,27.5,5,4,0.5,9.5,1.75,7.25,4,2.75,4,9,0.2105263158,0.0263157895,0.7631578947,0,13,8,6,3,3,1,0,2,2,1,4,4.5,0.5,2,3,1,2,1.5,0.5,0.5,1.5,1,1,1,2,0.5,3.5,4,0,0.709905954616839,0.709905954616839,0,8.5,3.5,17,8.5,3.5,5,17,280,0,0,0,0,0,1.83,1.88,1.81,26,27,31,61,64,81,8,9,3,142,138,122,8,9,13,2,0,0.05,0.02,0.07,1,5,4,3,20,17,1,5,6,4,20,16,1,5,4,2,2,0,7.35,110,267,28,544,38,4,0.5621916,2.1106628,1.5484712,5.7697968,2.1106628,1.829567,1.0553314,0.7742356,1.83,1.855,1.82,1.845,8,8.5,5.5,6,2,1,1,0,4,4.25,2.25,2.5,142,140,132,130,61,62.5,71,72.5,2,2.5,1.5,2,2,1.75,1.25,1,2.8835
Fe2CoGe,925,1,0,5.2258913,5.775,127.5,12,7492.75,7.89631,0.865,4.8775,0.55,9.75,6,2.125,-7.0668493525,1.4424492,24,27.75,6,3.75,0.375,9.75,2.125,7.25,4,2.75,4,5,0.2051282051,0.0512820513,0.7435897436,0,12.5,8,6.5,3,3,1,0,2,2,1,4,4.5,0,2,3,1,2,1.5,1,0.5,1,0.5,1,1,2,0.5,4,4.5,0,0.701393381764964,0.701393381764964,0,8.5,3.5,17,8.5,3.5,5,17,280,0,0,0,0,0,1.83,1.88,2.01,26,27,32,61,64,84,8,9,4,142,138,120,8,9,14,2,0,0.05,0.18,0.13,1,6,5,3,23,20,1,4,5,4,22,18,1,6,5,2,2,0,7.55,111,270,29,542,39,4,0.5621916,2.1106628,1.5484712,5.7697968,1.829567,2.1106628,0.7742356,1.0553314,1.855,1.83,1.945,1.92,8.5,8,6.5,6,1,2,0,1,4.25,4,2.25,2,140,142,129,131,62.5,61,74,72.5,2.5,2,2,1.5,1.75,2,1.25,1.5,2.8875
Fe2GaNi,586,1,0,4.6445606,5.78,127.5,10,7640,7.36097525,0.565,4.79,1.1,9.75,5,1.75,-6.2823871481,1.204180075,19,27.75,5,3.75,0.875,9.75,1.75,7.5,4,2.5,4,0,0.2051282051,0.0256410256,0.7692307692,0,12.5,8,5.5,3,3,1,0,2,2,1,4,4,0.5,2,3,1,2,1,0.5,1,1.5,0.5,1,1,2,0,3.5,3.5,0,0.709616236801685,0.709616236801685,0,8,3,18,8,3,5,18,266,0,0,0,0,0,1.83,1.91,1.81,26,28,31,61,67,81,8,10,3,142,124,122,8,10,13,2,0,0.08,0.02,0.1,2,5,3,6,20,14,2,5,7,18,20,2,2,5,3,2,2,0,7.38,111,270,29,530,39,4,1.5152681,2.1106628,0.5953947,4.8167203,1.35302875,2.1106628,0.29769735,1.0553314,1.87,1.83,1.86,1.82,9,8,6.5,5.5,1,2,0,1,4,4,2.25,2.25,133,142,123,132,64,61,74,71,2.5,2,2,1.5,1.5,2,0.75,1.25,2.89
Fe2MnSi,214,1,0,3.0004512,5.663,128.5,28,6387,7.847625,1.20125,4.7525,0.48,9.25,7,2.375,-7.7541129938,1.0554089302,26,22.75,12,4.25,0.375,6.75,1.375,4.25,6,3.25,5,4,0.2962962963,0.0740740741,0.6296296296,0,10.5,5,7.5,3,3,1,0,2,2,1,4,2.5,0,2,0,1,2,2.5,1,0.5,1,1.5,2,1,1,1.5,4,2.5,0,0.855759906173964,0.573611866601268,0.282148039572696,6.5,4.5,15,4,2,2,8,142,2.5,2.5,0,7,150,1.83,1.55,1.9,26,25,14,61,60,85,8,7,4,142,150,111,8,7,14,2,0,0.28,0.07,0.35,1,12,11,1,24,25,1,4,3,8,31,39,1,6,7,1,2,3,7.11,91,267,27,545,37,7,2.11035267931034,2.1106628,0.000310120689655,4.22163572068966,1.05548646034483,2.1106628,0.000155060344828,1.0553314,1.69,1.83,1.725,1.865,7.5,8,5.5,6,2.5,2,1.5,1,3.25,4,1.25,2,146,142,130.5,126.5,60.5,61,72.5,73,1,2,0.5,1.5,2.25,2,1.75,1.5,2.8315
Fe2SnV,200,1,0,0.9271715,5.959,139,21,7292,7.4737275,1.6675,4.565,0.78,8.75,9,2.625,-7.367819125,1.0553314,34,31.25,27,4.75,1.125,8.75,2.625,6.25,7,3.75,7,0,0.2285714286,0.0571428571,0.7142857143,0,9.5,8,6.5,3,3,1,0,2,2,1,4,1.5,0,2,3,1,2,1.5,1,0.5,1,0.5,1,1,2,2.5,4,1.5,0,0.396990845644883,0.396990845644883,0,4,2,8,4,2,2,8,142,0,0,0,0,0,1.83,1.63,1.96,26,23,50,61,54,83,8,5,4,142,153,139,8,5,14,2,0,0.2,0.13,0.33,3,24,27,7,22,29,3,4,1,11,3,14,3,6,9,3,2,5,7.25,125,259,25,576,35,9,2.1106628,2.1106628,0,4.2213256,1.0553314,2.1106628,0,1.0553314,1.73,1.83,1.795,1.895,6.5,8,4.5,6,3.5,2,2.5,1,2.75,4,0.75,2,147.5,142,146,140.5,57.5,61,68.5,72,2.5,2,2,1.5,1.75,2,1.25,1.5,2.9795
Fe3Al,713,1,0,5.9636913,5.79,129.25,11,6580.5,7.423242,0.6,4.7475,0.73,9.25,5,1.875,-7.15046905,1.5829971,18,22.75,13,4.25,0.375,6.75,1.875,4.5,6,3,4,6,0.2962962963,0.037037037,0.6666666667,0,24.5,13,12.5,3,1,3,2,0,2,6,4,0.5,4,2,1,2,2,0.5,2,1.5,0,1.5,1,0,1,3.5,0,3.5,0,0.86128923126951,0.86128923126951,0,4,2,8,4,2,2,8,142,0,0,0,0,0,1.83,1.61,1.83,26,13,26,61,80,61,8,3,8,142,121,142,8,13,8,2,2,0.22,0,0.22,13,0,13,19,0,19,5,0,5,21,0,21,5,0,5,2,0,2,10.98,156,366,48,852,48,12,2.1106628,0,2.1106628,12.6639768,1.0553314,2.1106628,1.0553314,2.1106628,1.72,1.83,1.72,1.83,5.5,8,5.5,8,1,2,1,2,2.25,4,2.25,4,131.5,142,131.5,142,70.5,61,70.5,61,1.5,2,1.5,2,1.25,2,1.25,2,2.50714354395595
Fe3Ge,740,1,0,5.4497556,5.75,129,12,7236.25,7.9016575,0.96,4.835,0.38,9.5,6,2.25,-7.3681231563,1.5829971,24,27.5,6,4,0,9.5,2.25,7,4,3,4,0,0.2105263158,0.0526315789,0.7368421053,0,24,13,13,3,1,3,2,0,2,6,4,0,4,2,1,2,2,1,2,1,0,1,1,0,1,4,0,4,0,0.697553866971999,0.697553866971999,0,4,2,8,4,2,2,8,142,0,0,0,0,0,1.83,2.01,1.83,26,32,26,61,84,61,8,4,8,142,120,142,8,14,8,2,2,0.18,0,0.18,6,0,6,23,0,23,4,0,4,22,0,22,6,0,6,2,0,2,10.98,156,366,48,852,48,12,2.1106628,0,2.1106628,12.6639768,1.0553314,2.1106628,1.0553314,2.1106628,1.92,1.83,1.92,1.83,6,8,6,8,1,2,1,2,2,4,2,4,131,142,131,142,72.5,61,72.5,61,1.5,2,1.5,2,1.5,2,1.5,2,2.48982303588026
Fe3Si,820,1,0,5.0455819,5.644,126.75,21,6488,7.96472,1.07625,4.8725,0.23,9.5,6,2.25,-7.5703427713,1.5829971,23,23,12,4,0,7,1.5,4.5,6,3,4,0,0.2857142857,0.0714285714,0.6428571429,0,24,13,13,3,1,3,2,0,2,6,4,0,4,2,1,2,2,1,2,1,0,1,1,0,1,4,0,4,0,0.856428646281959,0.856428646281959,0,4,2,8,4,2,2,8,142,0,0,0,0,0,1.83,1.9,1.83,26,14,26,61,85,61,8,4,8,142,111,142,8,14,8,2,2,0.07,0,0.07,12,0,12,24,0,24,4,0,4,31,0,31,6,0,6,2,0,2,10.98,156,366,48,852,48,12,2.1106628,0,2.1106628,12.6639768,1.0553314,2.1106628,1.0553314,2.1106628,1.865,1.83,1.865,1.83,6,8,6,8,1,2,1,2,2,4,2,4,126.5,142,126.5,142,73,61,73,61,1.5,2,1.5,2,1.5,2,1.5,2,2.44392368947969
Ga2CoMn,200,1,0,3.72,5.843,127.25,17,7044.5,6.828408,0.5575,4.4375,1,10.5,6,2.5,-5.5313662501,0.3871953302,22,28.5,6,4.5,0.75,10.5,2.5,8,5,2,5,9,0.1904761905,0.0476190476,0.7619047619,0,15.5,8,9.5,1,3,3,2,2,0,9,0.5,2.5,4,1,0,2,0.5,2.5,2,2,1.5,0.5,1,1,2,2,3.5,1.5,0,0.449520293210205,0.232645812026059,0.216874481184147,7,4,16,4.5,1.5,3,9,138,2.5,2.5,0,7,150,1.81,1.55,1.83,31,25,26,81,60,61,3,7,8,122,150,142,13,7,8,0,2,0.26,0.02,0.28,6,5,1,21,20,1,4,5,1,28,20,8,6,5,1,3,2,1,7.05,114,286,22,532,42,9,0.000310120689655,2.1106628,2.11035267931034,6.33229852068966,0.000155060344828,0,1.05548646034483,1.0553314,1.68,1.81,1.69,1.82,5,3,7.5,5.5,1.5,0,2.5,1,1.5,0.5,3.25,2.25,136,122,146,132,70.5,81,60.5,71,0.5,1,1,1.5,1.5,0.5,2.25,1.25,2.9215
Mg3Ce,3.4,-1,0,0,7.42,156.75,63,2975.75,7.11935125,7.0625,3.3825,0.27,2.25,1,0.375,-2.350846645,0,53,23.5,46,5.5,8.25,2.5,0.75,0.25,1,2.25,9,7,0.8,0,0.1,0.1,2.5,3,0.5,1,2,1,1,0,1,14,0,2.5,0,0,3,0,0,0.5,0,0.5,0,0.5,3,0,3,2.5,0,2.5,2.1428571429,0,0,0,0,0,0,0,0,0,0,0,0,0,0,0,0,1.31,1.12,1.31,12,58,12,73,32,73,2,2,2,141,204,141,2,4,2,0,0,0.19,0,0.19,46,0,46,41,0,41,0,0,0,63,0,63,2,0,2,0,0,0,7.86,72,438,12,846,12,0,0,0,0,0,0,0,0,0,1.215,1.31,1.215,1.31,2,2,2,2,0,0,0,0,1.25,0,1.25,0,172.5,141,172.5,141,52.5,73,52.5,73,1.5,0,1.5,0,0.25,0,0.25,0,3.21295424804027
Mg3Gd,117,1,0,0,7.31,154.75,55,3278.75,7.27212625,4.775,3.3875,0.25,2.25,1,0.375,-2.32030956,0,41,25,52,4,6,4,3,0.25,1,2.25,9,0,0.5,0,0.0625,0.4375,3.5,0,3.5,1,2,1,1,0,1,14,0,3.5,0,0,0,0,0,3.5,0,3.5,0,3.5,0,0,0,3.5,0,3.5,7,0,0,0,0,0,0,0,0,0,0,0,0,0,0,0,0,1.31,1.2,1.31,12,64,12,73,27,73,2,2,2,141,196,141,2,10,2,0,0,0.11,0,0.11,52,0,52,46,0,46,0,0,0,55,0,55,8,0,8,0,0,0,7.86,72,438,12,846,12,0,0,0,0,0,0,0,0,0,1.255,1.31,1.255,1.31,2,2,2,2,0,0,0,0,1.75,0,1.75,0,168.5,141,168.5,141,50,73,50,73,0,0,0,0,1.75,0,1.75,0,3.16532285083212
Mg3Nd,6,-1,0,0,7.413,156,60,3056,7.11592625,7.7375,3.385,0.26,2.25,1,0.375,-2.3472920675,0,49,24,48,2.5,3.75,3,1.5,0,0,0,0,8,0.6666666667,0,0,0.3333333333,4.5,6,1.5,1,2,1,1,0,1,14,0,4.5,0,0,6,0,0,1.5,0,1.5,0,1.5,6,0,6,4.5,0,4.5,3.2727272727,0,0,0,0,0,0,0,0,0,0,0,0,0,0,0,0,1.31,1.14,1.31,12,60,12,73,30,73,2,2,2,141,201,141,2,6,2,0,0,0.17,0,0.17,48,0,48,43,0,43,0,0,0,60,0,60,4,0,4,0,0,0,7.86,72,438,12,846,12,0,0,0,0,0,0,0,0,0,1.225,1.31,1.225,1.31,2,2,2,2,0,0,0,0,2.25,0,2.25,0,171,141,171,141,51.5,73,51.5,73,3,0,3,0,0.75,0,0.75,0,3.20992315912702
Mg3Sm,6.5,-1,0,0,7.371,155.25,57,3141.75,7.14560125,6.7625,3.3875,0.25,2.25,1,0.375,-2.3350491413,0,45,24.5,50,2,3,3.5,2.25,0,0,0,0,5,0.5714285714,0,0,0.4285714286,2.5,5,2.5,1,2,1,1,0,1,14,0,2.5,0,0,5,0,0,2.5,0,2.5,0,2.5,5,0,5,2.5,0,2.5,0.7142857143,0,0,0,0,0,0,0,0,0,0,0,0,0,0,0,0,1.31,1.17,1.31,12,62,12,73,28,73,2,2,2,141,198,141,2,8,2,0,0,0.14,0,0.14,50,0,50,45,0,45,0,0,0,57,0,57,6,0,6,9,0,9,7.86,72,438,12,846,12,9,0,0,0,0,0,0,0,0,1.24,1.31,1.24,1.31,2,2,2,2,4.5,0,4.5,0,1.25,0,1.25,0,169.5,141,169.5,141,50.5,73,50.5,73,2.5,0,2.5,0,1.25,0,1.25,0,3.19173662564755
Mn2AlCo,720,1,1,7.4347416,5.838,131.25,18,6635,7.1837045,1.125,4.55,0.9,9,6,2,-7.2167356914,0.3872728603,21,22.5,14,4.5,0.75,6.5,1.75,4.25,7,3.25,5,5,0.3076923077,0.0384615385,0.6538461538,0,10,4,7,3,3,1,0,2,2,1,2.5,4.5,0.5,0,3,1,2.5,1.5,0.5,1,2,1,3,1,2,2,2,4,0,0.862192016439324,0.301000802368554,0.56119121407077,7,4,16,4.5,1.5,3,9,138,2.5,2.5,0,7,150,1.55,1.88,1.61,25,27,13,60,64,80,7,9,3,150,138,121,7,9,13,3,0,0.33,0.06,0.27,2,12,14,4,20,16,2,4,6,12,29,17,2,6,4,3,3,0,6.59,90,264,26,559,36,6,1.54816107931035,0.000310120689655,1.5484712,1.54909144137931,0.000310120689655,0.774390660344827,0.000155060344828,0.7742356,1.55,1.715,1.58,1.745,7,8,5,6,3,1.5,1.5,0,2.5,3.5,1.5,2.5,150,144,135.5,129.5,60,62,70,72,0,1.5,0.5,2,2.5,2,1.5,1,2.919
Mn2AlV,760,1,0,2.0005129,5.897,138,32,5937.5,6.8999995,1.45,4.3375,0.25,8,8,2.5,-7.6814535777,0.0001550603,27,21.5,12,5.5,0.75,5.5,1.5,3.25,5,4.25,7,5,0.3636363636,0.0454545455,0.5909090909,0,7,4,7,3,3,1,0,2,2,1,2.5,1.5,0.5,0,3,1,2.5,1.5,0.5,1,2,1,3,1,2,1,2,1,0,0.585072416571373,0,0.585072416571373,2.5,2.5,7,0,0,0,0,0,2.5,2.5,0,7,150,1.55,1.63,1.61,25,23,13,60,54,80,7,5,3,150,153,121,7,5,13,3,0,0.08,0.06,0.02,2,12,10,6,20,26,2,4,2,3,29,32,2,6,8,2,3,5,6.34,86,254,22,574,32,11,0.000310120689655,0.000310120689655,0,0.00062024137931,0.000155060344828,0.000310120689655,0,0.000155060344828,1.59,1.55,1.62,1.58,6,7,4,5,4,3,2.5,1.5,2,2.5,1,1.5,151.5,150,137,135.5,57,60,67,70,1.5,0,2,0.5,2,2.5,1,1.5,2.9485
Mn2CoGa,718,1,1,7.7869013,5.862,131.5,17,7436,7.18708775,0.795,4.525,1,9,6,2,-7.033443737,0.3872728603,22,27,6,4.5,0.75,9,2,6.75,5,3.25,5,5,0.2222222222,0.0277777778,0.75,0,10,4,7,3,3,1,0,2,2,1,2.5,4.5,0.5,0,3,1,2.5,1.5,0.5,1,2,1,3,1,2,2,2,4,0,0.707699945103867,0.247065905564943,0.460634039538925,7,4,16,4.5,1.5,3,9,138,2.5,2.5,0,7,150,1.55,1.88,1.81,25,27,31,60,64,81,7,9,3,150,138,122,7,9,13,3,0,0.33,0.26,0.07,2,6,4,4,21,17,2,4,6,12,28,16,2,6,4,3,3,0,6.79,108,265,26,560,36,6,1.54816107931035,0.000310120689655,1.5484712,1.54909144137931,0.000310120689655,0.774390660344827,0.000155060344828,0.7742356,1.55,1.715,1.68,1.845,7,8,5,6,3,1.5,1.5,0,2.5,3.5,1.5,2.5,150,144,136,130,60,62,70.5,72.5,0,1.5,0.5,2,2.5,2,1.5,1,2.931
Mn2CoSb,485,1,1,7.6157108,5.904,135.75,13,7634.25,7.83936,1.175,4.6,0.7,9.5,8,2.75,-7.3097204964,0.3872728603,33,32,26,4,1,9.5,2.75,6.75,5,3.25,5,2,0.2105263158,0.0789473684,0.7105263158,0,11,3,8,3,3,1,0,2,2,1,2.5,4.5,1.5,0,3,0,2.5,1.5,1.5,1,1,0,3,0,3,2,1,3,0,0.580960527194056,0.20281976809765,0.378140759096406,7,4,16,4.5,1.5,3,9,138,2.5,2.5,0,7,150,1.55,1.88,2.05,25,27,51,60,64,88,7,9,5,150,138,139,7,9,15,3,0,0.33,0.5,0.17,2,26,24,4,28,24,2,2,4,12,11,1,2,8,6,3,3,0,7.03,128,272,28,577,38,6,1.54816107931035,0.000310120689655,1.5484712,1.54909144137931,0.000310120689655,0.774390660344827,0.000155060344828,0.7742356,1.55,1.715,1.8,1.965,7,8,6,7,3,1.5,1.5,0,2.5,3.5,2,3,150,144,144.5,138.5,60,62,74,76,0,1.5,0,1.5,2.5,2,2,1.5,2.952
Mn2CoSn,580,1,1,8.4499163,6.058,135.75,13,7787.5,7.5232425,1.06,4.5375,0.95,9.25,7,2.375,-7.2706416839,0.3872728603,28,31.75,25,4.25,0.75,9.25,2.375,6.75,5,3.25,5,5,0.2162162162,0.0540540541,0.7297297297,0,9.5,4,7.5,3,3,1,0,2,2,1,2.5,4.5,0,0,3,1,2.5,1.5,1,1,1.5,0.5,3,1,2,2,2.5,4.5,0,0.587123347221735,0.204971276970169,0.382152070251566,7,4,16,4.5,1.5,3,9,138,2.5,2.5,0,7,150,1.55,1.88,1.96,25,27,50,60,64,83,7,9,4,150,138,139,7,9,14,3,0,0.33,0.41,0.08,2,25,23,4,23,19,2,3,5,12,11,1,2,7,5,3,3,0,6.94,127,267,27,577,37,6,1.54816107931035,0.000310120689655,1.5484712,1.54909144137931,0.000310120689655,0.774390660344827,0.000155060344828,0.7742356,1.55,1.715,1.755,1.92,7,8,5.5,6.5,3,1.5,1.5,0,2.5,3.5,1.25,2.25,150,144,144.5,138.5,60,62,71.5,73.5,0,1.5,0.5,2,2.5,2,1.75,1.25,3.029
Mn2GaV,768,1,0,1.9781812,6.095,138.25,31,6738.5,6.90338275,1.285,4.3125,0.35,8,8,2.5,-7.4981616233,0.0001550603,28,26,8,5.5,0.75,8,2.5,5.75,7,4.25,7,0,0.25,0.03125,0.71875,0,7,4,7,3,3,1,0,2,2,1,2.5,1.5,0.5,0,3,1,2.5,1.5,0.5,1,2,1,3,1,2,1,2,1,0,0.476601929404275,0,0.476601929404275,2.5,2.5,7,0,0,0,0,0,2.5,2.5,0,7,150,1.55,1.63,1.81,25,23,31,60,54,81,7,5,3,150,153,122,7,5,13,3,0,0.08,0.26,0.18,2,6,8,6,21,27,2,4,2,3,28,31,2,6,8,2,3,5,6.54,104,255,22,575,32,11,0.000310120689655,0.000310120689655,0,0.00062024137931,0.000155060344828,0.000310120689655,0,0.000155060344828,1.59,1.55,1.72,1.68,6,7,4,5,4,3,2.5,1.5,2,2.5,1,1.5,151.5,150,137.5,136,57,60,67.5,70.5,1.5,0,2,0.5,2,2.5,1,1.5,3.0475
Mn2GeRu,303,1,0,7.2465417,5.936,136,26,8158.25,7.5319925,1.36,4.7125,0.95,9,7,2.5,-7.9629509039,0.0001550603,27,31.5,19,4.5,0.5,9,2.5,6.75,5,3.25,5,8,0.1944444444,0.0555555556,0.75,0,10,4,8,3,3,1,0,2,2,1,2.5,5,0,0,3,1,2.5,2,1,0.5,1.5,1,3,1,2,2.5,2.5,5,0,0.387452325323855,0,0.387452325323855,2.5,2.5,7,0,0,0,0,0,2.5,2.5,0,7,150,1.55,2.2,2.01,25,44,32,60,62,84,7,8,4,150,146,120,7,8,14,3,0,0.65,0.46,0.19,19,7,12,2,24,22,1,3,4,4,30,26,1,7,6,3,3,0,7.31,126,266,26,566,36,6,0.000310120689655,0.000310120689655,0,0.00062024137931,0.000155060344828,0.000310120689655,0,0.000155060344828,1.875,1.55,2.105,1.78,7.5,7,6,5.5,1.5,3,0,1.5,3.75,2.5,2.5,1.25,148,150,133,135,61,60,73,72,1.5,0,2,0.5,2.25,2.5,1.5,1.75,2.968
Mn2NiSn,565,1,1,7.2081948,6.099,135.25,15,7789.5,7.46294,1.235,4.5625,1.05,9.5,7,2.5,-6.8871255402,0.1490037353,28,32,25,4,1,9.5,2.5,7,5,3,5,5,0.2105263158,0.0526315789,0.7368421053,0,9,4,7,3,3,1,0,2,2,1,2.5,4,0,0,3,1,2.5,1,1,1.5,1.5,0,3,1,2,1.5,2.5,4,0,0.586778715041578,0.204307658719389,0.38247105632219,6.5,3.5,17,4,1,3,10,124,2.5,2.5,0,7,150,1.55,1.91,1.96,25,28,50,60,67,83,7,10,4,150,124,139,7,10,14,3,0,0.36,0.41,0.05,3,25,22,7,23,16,3,3,6,26,11,15,3,7,4,3,3,0,6.97,128,270,28,563,38,6,0.595084579310345,0.000310120689655,0.5953947,0.59601494137931,0.000310120689655,0.297852410344827,0.000155060344828,0.29769735,1.55,1.73,1.755,1.935,7,8.5,5.5,7,3,1.5,1.5,0,2.5,3.25,1.25,2,150,137,144.5,131.5,60,63.5,71.5,75,0,1.5,0.5,2,2.5,1.75,1.75,1,3.0495
Mn2RuSn,272,1,1,7.803728,6.212,140.75,7,8655,7.393115,0.9025,4.6125,1.25,9,7,2.5,-7.7992027902,0.0001550603,28,36,25,4.5,0.5,9,2.5,6.75,5,3.25,5,5,0.1944444444,0.0555555556,0.75,0,10,4,8,3,3,1,0,2,2,1,2.5,5,0,0,3,1,2.5,2,1,0.5,1.5,1,3,1,2,2.5,2.5,5,0,0.33330520300717,0,0.33330520300717,2.5,2.5,7,0,0,0,0,0,2.5,2.5,0,7,150,1.55,2.2,1.96,25,44,50,60,62,83,7,8,4,150,146,139,7,8,14,3,0,0.65,0.41,0.24,19,25,6,2,23,21,1,3,4,4,11,7,1,7,6,3,3,0,7.26,144,265,26,585,36,6,0.000310120689655,0.000310120689655,0,0.00062024137931,0.000310120689655,0.000155060344828,0.000155060344828,0,1.55,1.875,1.755,2.08,7,7.5,5.5,6,3,1.5,1.5,0,2.5,3.75,1.25,2.5,150,148,144.5,142.5,60,61,71.5,72.5,0,1.5,0.5,2,2.5,2.25,1.75,1.5,3.106
Mn2SnW,258,1,0,0.0063713,6.317,144.75,23,10375,7.5189975,1.09,4.4625,0.65,8.5,8,2.75,-8.7402445527,0.0001550603,29,43.5,49,5,0.5,12,5,6,6,4,6,4,0.1666666667,0.0416666667,0.5,0.2916666667,5,3,8,3,3,1,0,2,2,1,2.5,0,0,0,2,1,2.5,2,1,0.5,1.5,1,2,1,1,2.5,2.5,0,0,0.266414013720616,0,0.266414013720616,2.5,2.5,7,0,0,0,0,0,2.5,2.5,0,7,150,1.55,2.36,1.96,25,74,50,60,55,83,7,6,4,150,162,139,7,6,14,3,0,0.81,0.41,0.4,49,25,24,5,23,28,1,3,2,12,11,23,1,7,8,1,3,4,7.42,174,258,24,601,34,10,0.000310120689655,0.000310120689655,0,0.00062024137931,0.000155060344828,0.000310120689655,0,0.000155060344828,1.955,1.55,2.16,1.755,6.5,7,5,5.5,3.5,3,2,1.5,1.25,2.5,0,1.25,156,150,150.5,144.5,57.5,60,69,71.5,1,0,1.5,0.5,2.25,2.5,1.5,1.75,3.1585
Mn3Si,25.8,-1,0,2.1210693,5.72,132,28,6185,7.613435,1.45125,4.5125,0.25,8.75,7,2.625,-8.121653439,0.0002325905,26,22.25,11,4.75,0.375,6.25,1.125,3.75,5,3.75,5,5,0.32,0.08,0.6,0,15,1,16,3,1,3,2,0,2,6,2.5,0,2.5,0,1,0,2.5,1,2.5,1.5,0,1.5,1,0,1,2.5,0,2.5,0,0.85440356069103,0,0.85440356069103,2.5,2.5,7,0,0,0,0,0,2.5,2.5,0,7,150,1.55,1.9,1.55,25,14,25,60,85,60,7,4,7,150,111,150,7,14,7,3,3,0.35,0,0.35,11,0,11,25,0,25,3,0,3,39,0,39,7,0,7,3,0,3,9.3,150,360,42,900,42,18,0.000310120689655,0,0.000310120689655,0.00186072413793,0.000155060344828,0.000310120689655,0.000155060344828,0.000310120689655,1.725,1.55,1.725,1.55,5.5,7,5.5,7,1.5,3,1.5,3,1.25,2.5,1.25,2.5,130.5,150,130.5,150,72.5,60,72.5,60,0.5,0,0.5,0,1.75,2.5,1.75,2.5,2.47683265482349
Ni2AlMn,365,1,0,4.0599384,5.824,127,18,6996.5,7.174847,0.975,4.7625,1,10,6,1.5,-5.9646593776,0.2977748802,21,23.5,15,3.5,1.5,7.5,2.5,5.25,8,2.25,5,8,0.2666666667,0.0333333333,0.7,0,11,7,5,3,3,1,0,2,2,1,4,2.5,0.5,3,0,1,1,2.5,0.5,1.5,0.5,2,3,2,1,1.5,3.5,2,0,0.864622807796509,0.588976619211508,0.275646188585,6.5,3.5,17,4,1,3,10,124,2.5,2.5,0,7,150,1.91,1.55,1.61,28,25,13,67,60,80,10,7,3,124,150,121,10,7,13,0,0,0.36,0.3,0.06,3,15,12,7,13,20,3,7,4,26,3,29,3,3,6,3,0,3,6.98,94,274,30,519,40,3,0.595084579310345,0.5953947,0.000310120689655,1.19109952068966,0.297852410344827,0.5953947,0.000155060344828,0.29769735,1.73,1.91,1.58,1.76,8.5,10,5,6.5,1.5,0,1.5,0,3.25,4,1.5,2.25,137,124,135.5,122.5,63.5,67,70,73.5,1.5,3,0.5,2,1.75,1,1.5,0.75,2.912
Ni2GaMn,376,1,0,4.0560628,5.822,127.25,17,7797.5,7.17823025,0.98,4.7375,1.1,10,6,1.5,-5.7813674232,0.2977748802,22,28,6,3.5,1.5,10,1.5,7.75,5,2.25,5,4,0.2,0.025,0.775,0,11,7,5,3,3,1,0,2,2,1,4,2.5,0.5,3,0,1,1,2.5,0.5,1.5,0.5,2,3,2,1,1.5,3.5,2,0,0.711945380054923,0.484973539012504,0.226971841042419,6.5,3.5,17,4,1,3,10,124,2.5,2.5,0,7,150,1.91,1.55,1.81,28,25,31,67,60,81,10,7,3,124,150,122,10,7,13,0,0,0.36,0.1,0.26,3,3,6,7,14,21,3,7,4,26,2,28,3,3,6,3,0,3,7.18,112,275,30,520,40,3,0.595084579310345,0.5953947,0.000310120689655,1.19109952068966,0.297852410344827,0.5953947,0.000155060344828,0.29769735,1.73,1.91,1.68,1.86,8.5,10,5,6.5,1.5,0,1.5,0,3.25,4,1.5,2.25,137,124,136,123,63.5,67,70.5,74,1.5,3,0.5,2,1.75,1,1.5,0.75,2.911
Ni2GeMn,300,1,0,3.9465462,5.822,126.75,19,7652.25,7.6532625,1.095,4.85,0.75,10.25,7,1.875,-6.1823134838,0.2977748802,27,28.25,7,3.25,1.25,10.25,1.875,7.75,5,2.25,5,5,0.1951219512,0.0487804878,0.756097561,0,10.5,7,5.5,3,3,1,0,2,2,1,4,2.5,0,3,0,1,1,2.5,1,1.5,0,1.5,3,2,1,1.5,4,2.5,0,0.703467654715925,0.479198556021375,0.224269098694549,6.5,3.5,17,4,1,3,10,124,2.5,2.5,0,7,150,1.91,1.55,2.01,28,25,32,67,60,84,10,7,4,124,150,120,10,7,14,0,0,0.36,0.1,0.46,3,4,7,7,17,24,3,6,3,26,4,30,3,4,7,3,0,3,7.38,113,278,31,518,41,3,0.595084579310345,0.5953947,0.000310120689655,1.19109952068966,0.297852410344827,0.5953947,0.000155060344828,0.29769735,1.73,1.91,1.78,1.96,8.5,10,5.5,7,1.5,0,1.5,0,3.25,4,1.25,2,137,124,135,122,63.5,67,72,75.5,1.5,3,0.5,2,1.75,1,1.75,1,2.911
Ni2InMn,323,1,0,4.1888099,6.068,132.25,18,8149,7.124995,1.3625,4.6875,1.3,10,6,1.5,-5.6950040876,0.2977748802,23,32.5,24,3.5,1.5,10,1.5,7.75,5,2.25,5,0,0.2,0.025,0.775,0,11,7,5,3,3,1,0,2,2,1,4,2.5,0.5,3,0,1,1,2.5,0.5,1.5,0.5,2,3,2,1,1.5,3.5,2,0,0.600136301498301,0.408809768531756,0.191326532966545,6.5,3.5,17,4,1,3,10,124,2.5,2.5,0,7,150,1.91,1.55,1.78,28,25,49,67,60,79,10,7,3,124,150,142,10,7,13,0,0,0.36,0.13,0.23,3,21,24,7,12,19,3,7,4,26,18,8,3,3,6,3,0,3,7.15,130,273,30,540,40,3,0.595084579310345,0.5953947,0.000310120689655,1.19109952068966,0.297852410344827,0.5953947,0.000155060344828,0.29769735,1.73,1.91,1.665,1.845,8.5,10,5,6.5,1.5,0,1.5,0,3.25,4,1.5,2.25,137,124,146,133,63.5,67,69.5,73,1.5,3,0.5,2,1.75,1,1.5,0.75,3.034
Ni2MnSb,360,1,1,3.9831544,6.005,131.5,15,7995.75,7.8305025,1,4.8125,0.8,10.5,8,2.25,-6.0576441826,0.2977748802,33,33,26,3,1,10.5,2.25,7.75,5,2.25,5,5,0.1904761905,0.0714285714,0.7380952381,0,12,6,6,3,3,1,0,2,2,1,4,2.5,1.5,3,0,0,1,2.5,1.5,1.5,0.5,1,3,3,0,1.5,2.5,1,0,0.585969824456612,0.399159637076844,0.186810187379768,6.5,3.5,17,4,1,3,10,124,2.5,2.5,0,7,150,1.91,1.55,2.05,28,25,51,67,60,88,10,7,5,124,150,139,10,7,15,0,0,0.36,0.14,0.5,3,23,26,7,21,28,3,5,2,26,15,11,3,5,8,3,0,3,7.42,132,282,32,537,42,3,0.595084579310345,0.5953947,0.000310120689655,1.19109952068966,0.5953947,0.297852410344827,0.29769735,0.000155060344828,1.91,1.73,1.98,1.8,10,8.5,7.5,6,0,1.5,0,1.5,4,3.25,2.75,2,124,137,131.5,144.5,67,63.5,77.5,74,3,1.5,1.5,0,1,1.75,1.25,2,3.0025
Ni2MnSn,344,1,1,4.0760123,6.052,131.5,15,8149,7.514385,0.9425,4.75,1.05,10.25,7,1.875,-6.0185653701,0.2977748802,28,32.75,25,3.25,1.25,10.25,1.875,7.75,5,2.25,5,8,0.1951219512,0.0487804878,0.756097561,0,10.5,7,5.5,3,3,1,0,2,2,1,4,2.5,0,3,0,1,1,2.5,1,1.5,0,1.5,3,2,1,1.5,4,2.5,0,0.592110697260323,0.403342768114244,0.188767929146079,6.5,3.5,17,4,1,3,10,124,2.5,2.5,0,7,150,1.91,1.55,1.96,28,25,50,67,60,83,10,7,4,124,150,139,10,7,14,0,0,0.36,0.05,0.41,3,22,25,7,16,23,3,6,3,26,15,11,3,4,7,3,0,3,7.33,131,277,31,537,41,3,0.595084579310345,0.5953947,0.000310120689655,1.19109952068966,0.5953947,0.297852410344827,0.29769735,0.000155060344828,1.91,1.73,1.935,1.755,10,8.5,7,5.5,0,1.5,0,1.5,4,3.25,2,1.25,124,137,131.5,144.5,67,63.5,75,71.5,3,1.5,2,0.5,1,1.75,1,1.75,3.026
Pd2DySn,15,-1,0,0,6.72,152.25,53,9976.75,7.489155,7.105,4.565,2.24,9.25,11,3.125,-4.7095376708,0,49,52,20,2,2,11.5,1.5,7.5,10,0,0,0,0.0869565217,0.0434782609,0.652173913,0.2173913043,7.5,6,3.5,3,2,1,1,2,1,5,0,7.5,0,0,5,1,0,2.5,1,2.5,1,1.5,5,1,4,7.5,0,7.5,10,0,0,0.328914077522518,0,0,0,0,0,0,0,0,7.5,2.5,5,2,192,2.2,1.22,1.96,46,66,50,69,24,83,12,2,4,139,192,139,10,12,14,0,0,0.98,0.24,0.74,20,4,16,45,14,59,10,8,2,53,0,53,2,4,2,0,0,0,7.58,208,245,30,609,46,0,0,0,0,0,0,0,0,0,1.71,2.2,1.59,2.08,7,12,3,8,0,0,0,0,3.75,0,3.75,0,165.5,139,165.5,139,46.5,69,53.5,76,2.5,0,3,0.5,1.25,0,1.75,0.5,3.36
Pd2GeMn,170,1,1,4.1290648,6.182,134.25,19,9209.75,8.0018125,1.595,4.975,1,10.25,7,1.875,-5.9780384838,7.753017241375E-05,27,37.25,21,2.25,2.25,10.25,1.875,8.75,5,1.25,5,6,0.0975609756,0.0487804878,0.8536585366,0,2.5,1,3.5,3,3,1,0,2,2,1,0,2.5,0,0,0,1,0,2.5,1,2.5,1,1.5,0,1,1,2.5,0,2.5,0,0.161384056476795,0,0.161384056476795,2.5,2.5,7,0,0,0,0,0,2.5,2.5,0,7,150,2.2,1.55,2.01,46,25,32,69,60,84,12,7,4,139,150,120,10,7,14,0,0,0.65,0.19,0.46,21,14,7,9,15,24,5,8,3,11,19,30,3,4,7,3,0,3,7.96,149,282,35,548,41,3,0.000310120689655,0,0.000310120689655,0.000310120689655,0,0.000155060344828,0,0.000155060344828,2.2,1.875,2.105,1.78,12,9.5,8,5.5,0,1.5,0,1.5,0,1.25,0,1.25,139,144.5,129.5,135,69,64.5,76.5,72,0,0,0.5,0.5,0,1.25,0.5,1.75,3.091
Pd2InMn,142,1,0,4.2119123,6.373,139.75,3,9706.5,7.473545,2.3625,4.8125,1.55,10,6,1.5,-5.4907290876,7.753017241375E-05,23,41.5,24,2.5,2.5,10,1.5,8.75,5,1.25,5,5,0.1,0.025,0.875,0,3,1,3,3,3,1,0,2,2,1,0,2.5,0.5,0,0,1,0,2.5,0.5,2.5,0.5,2,0,1,1,2.5,0.5,2,0,0.143592819941461,0,0.143592819941461,2.5,2.5,7,0,0,0,0,0,2.5,2.5,0,7,150,2.2,1.55,1.78,46,25,49,69,60,79,12,7,3,139,150,142,10,7,13,0,0,0.65,0.42,0.23,21,3,24,9,10,19,5,9,4,11,3,8,3,3,6,3,0,3,7.73,166,277,34,570,40,3,0.000310120689655,0,0.000310120689655,0.000310120689655,0.000155060344828,0,0.000155060344828,0,1.875,2.2,1.665,1.99,9.5,12,5,7.5,1.5,0,1.5,0,1.25,0,1.5,0.25,144.5,139,146,140.5,64.5,69,69.5,74,0,0,0.5,0.5,1.25,0,1.5,0.25,3.1865
Pd2MnSb,247,1,0,4.2999983,6.424,139,0,9553.25,8.1790525,1.6,4.9375,1.05,10.5,8,2.25,-5.8533691826,7.753017241375E-05,33,42,26,2,2,10.5,2.25,8.75,5,1.25,5,5,0.0952380952,0.0714285714,0.8333333333,0,4,0,4,3,3,1,0,2,2,1,0,2.5,1.5,0,0,0,0,2.5,1.5,2.5,1.5,1,0,0,0,2.5,1.5,1,0,0.141033836630771,0,0.141033836630771,2.5,2.5,7,0,0,0,0,0,2.5,2.5,0,7,150,2.2,1.55,2.05,46,25,51,69,60,88,12,7,5,139,150,139,10,7,15,0,0,0.65,0.15,0.5,21,5,26,9,19,28,5,7,2,11,0,11,3,5,8,3,0,3,8,168,286,36,567,42,3,0.000310120689655,0,0.000310120689655,0.000310120689655,0.000155060344828,0,0.000155060344828,0,1.875,2.2,1.8,2.125,9.5,12,6,8.5,1.5,0,1.5,0,1.25,0,2,0.75,144.5,139,144.5,139,64.5,69,74,78.5,0,0,0,0,1.25,0,2,0.75,3.212
Pd2MnSn,189,1,1,4.1623714,6.383,139,0,9706.5,7.862935,1.715,4.875,1.3,10.25,7,1.875,-5.8142903701,7.753017241375E-05,28,41.75,25,2.25,2.25,10.25,1.875,8.75,5,1.25,5,0,0.0975609756,0.0487804878,0.8536585366,0,2.5,1,3.5,3,3,1,0,2,2,1,0,2.5,0,0,0,1,0,2.5,1,2.5,1,1.5,0,1,1,2.5,0,2.5,0,0.142146815951319,0,0.142146815951319,2.5,2.5,7,0,0,0,0,0,2.5,2.5,0,7,150,2.2,1.55,1.96,46,25,50,69,60,83,12,7,4,139,150,139,10,7,14,0,0,0.65,0.24,0.41,21,4,25,9,14,23,5,8,3,11,0,11,3,4,7,3,0,3,7.91,167,281,35,567,41,3,0.000310120689655,0,0.000310120689655,0.000310120689655,0,0.000155060344828,0,0.000155060344828,2.2,1.875,2.08,1.755,12,9.5,8,5.5,0,1.5,0,1.5,0,1.25,0,1.25,139,144.5,139,144.5,69,64.5,76,71.5,0,0,0.5,0.5,0,1.25,0.5,1.75,3.1915
Pd2SnTb,9,-1,0,0,6.736,152.75,55,9893.75,7.47038,7.48,4.565,2.24,9.25,11,3.125,-4.7164534817,0,51,51.75,19,2.25,2.25,11.25,1.375,7.5,10,0,0,5,0.0888888889,0.0444444444,0.6666666667,0.2,6,4,4,3,2,1,1,2,1,5,0,6,0,0,3,1,0,3,1,3,1,2,3,1,2,6,0,6,9,0,0.324023113495918,0,0,0,0,6,3,3,2,194,0,0,0,0,0,2.2,1.1,1.96,46,65,50,69,26,83,12,2,4,139,194,139,10,11,14,0,0,1.1,0.24,0.86,19,4,15,43,14,57,10,8,2,55,0,55,1,4,3,0,0,0,7.46,207,247,30,611,45,0,0,0,0,0,0,0,0,0,1.65,2.2,1.53,2.08,7,12,3,8,0,0,0,0,3,0,3,0,166.5,139,166.5,139,47.5,69,54.5,76,1.5,0,2,0.5,1.5,0,2,0.5,3.368
Pt2AlMn,190,-1,0,4.1691889,6.257,133,18,13087.5,7.834347,1.05,4.9875,1.45,10,6,1.5,-6.2057519326,7.753017241375E-05,21,48.5,65,3.5,1.5,14.5,9.5,5.75,9,1.75,5,5,0.1034482759,0.0172413793,0.3965517241,0.4827586207,9,5,5,3,3,1,0,2,2,1,3,2.5,0.5,2,0,1,1,2.5,0.5,1.5,0.5,2,2,1,1,0.5,2.5,2,0,0.116372569219166,0,0.116372569219166,2.5,2.5,7,0,0,0,0,0,2.5,2.5,0,7,150,2.28,1.55,1.61,78,25,13,68,60,80,10,7,3,136,150,121,10,7,13,0,0,0.73,0.67,0.06,53,65,12,8,12,20,3,7,4,14,15,29,3,3,6,3,0,3,7.72,194,276,30,543,40,3,0.000310120689655,0,0.000310120689655,0.000310120689655,0.000155060344828,0,0.000155060344828,0,1.915,2.28,1.58,1.945,8.5,10,5,6.5,1.5,0,1.5,0,2.75,3,1.5,1.75,143,136,135.5,128.5,64,68,70,74,1,2,0.5,1.5,1.75,1,1.5,0.75,3.1285
Rh2AlMn,26,-1,0,4.0683897,6.022,136,21,8767.5,7.084397,0.775,4.8625,1.2,9.5,6,1.75,-6.8183198526,7.753017241375E-05,21,32,32,4,1,7,2,5.25,8,2.25,5,4,0.2142857143,0.0357142857,0.75,0,12,7,6,3,3,1,0,2,2,1,4.5,2.5,0.5,3,0,1,1.5,2.5,0.5,1,1,2,3,2,1,2,4,2,0,0.190935716018198,0,0.190935716018198,2.5,2.5,7,0,0,0,0,0,2.5,2.5,0,7,150,2.28,1.55,1.61,45,25,13,65,60,80,9,7,3,142,150,121,9,7,13,0,0,0.73,0.67,0.06,20,32,12,5,15,20,2,6,4,8,21,29,2,4,6,3,0,3,7.72,128,270,28,555,38,3,0.000310120689655,0,0.000310120689655,0.000310120689655,0.000155060344828,0,0.000155060344828,0,1.915,2.28,1.58,1.945,8,9,5,6,1.5,0,1.5,0,3.5,4.5,1.5,2.5,146,142,135.5,131.5,62.5,65,70,72.5,1.5,3,0.5,2,2,1.5,1.5,1,3.011
Rh2GeMn,450,1,0,4.7436469,6.044,135.75,22,9423.25,7.5628125,1.135,4.95,0.95,9.75,7,2.125,-7.0359739588,7.753017241375E-05,27,36.75,20,3.75,0.75,9.75,2.125,7.75,5,2.25,5,4,0.1538461538,0.0512820513,0.7948717949,0,11.5,7,6.5,3,3,1,0,2,2,1,4.5,2.5,0,3,0,1,1.5,2.5,1,1,0.5,1.5,3,2,1,2,4.5,2.5,0,0.164786593392713,0,0.164786593392713,2.5,2.5,7,0,0,0,0,0,2.5,2.5,0,7,150,2.28,1.55,2.01,45,25,32,65,60,84,9,7,4,142,150,120,9,7,14,0,0,0.73,0.27,0.46,20,13,7,5,19,24,2,5,3,8,22,30,2,5,7,3,0,3,8.12,147,274,29,554,39,3,0.000310120689655,0,0.000310120689655,0.000310120689655,0.000155060344828,0,0.000155060344828,0,1.915,2.28,1.78,2.145,8,9,5.5,6.5,1.5,0,1.5,0,3.5,4.5,1.25,2.25,146,142,135,131,62.5,65,72,74.5,1.5,3,0.5,2,2,1.5,1.75,1.25,3.022
Rh2MnPb,355,1,0,4.8063656,6.332,142.25,7,10927.5,7.4421125,0.701875,4.8375,1.3,9.75,7,2.125,-6.7892214751,7.753017241375E-05,29,49.25,57,3.75,0.75,13.25,7.375,7.75,5,2.25,5,9,0.1132075472,0.0377358491,0.5849056604,0.2641509434,11.5,7,6.5,3,3,1,0,2,2,1,4.5,2.5,0,3,0,1,1.5,2.5,1,1,0.5,1.5,3,2,1,2,4.5,2.5,0,0.117401767536463,0,0.117401767536463,2.5,2.5,7,0,0,0,0,0,2.5,2.5,0,7,150,2.28,1.55,2.33,45,25,82,65,60,82,9,7,4,142,150,146,9,7,14,0,0,0.73,0.05,0.78,20,37,57,5,17,22,2,5,3,8,4,4,2,5,7,3,0,3,8.44,197,272,29,580,39,3,0.000310120689655,0,0.000310120689655,0.000310120689655,0.000155060344828,0,0.000155060344828,0,1.915,2.28,1.94,2.305,8,9,5.5,6.5,1.5,0,1.5,0,3.5,4.5,1.25,2.25,146,142,148,144,62.5,65,71,73.5,1.5,3,0.5,2,2,1.5,1.75,1.25,3.166
Rh2MnSn,412,1,0,4.7626552,6.24,140.5,3,9920,7.423935,0.6775,4.85,1.25,9.75,7,2.125,-6.8722258451,7.753017241375E-05,28,41.25,25,3.75,0.75,9.75,2.125,7.75,5,2.25,5,0,0.1538461538,0.0512820513,0.7948717949,0,11.5,7,6.5,3,3,1,0,2,2,1,4.5,2.5,0,3,0,1,1.5,2.5,1,1,0.5,1.5,3,2,1,2,4.5,2.5,0,0.144779906353267,0,0.144779906353267,2.5,2.5,7,0,0,0,0,0,2.5,2.5,0,7,150,2.28,1.55,1.96,45,25,50,65,60,83,9,7,4,142,150,139,9,7,14,0,0,0.73,0.32,0.41,20,5,25,5,18,23,2,5,3,8,3,11,2,5,7,3,0,3,8.07,165,273,29,573,39,3,0.000310120689655,0,0.000310120689655,0.000310120689655,0.000155060344828,0,0.000155060344828,0,1.915,2.28,1.755,2.12,8,9,5.5,6.5,1.5,0,1.5,0,3.5,4.5,1.25,2.25,146,142,144.5,140.5,62.5,65,71.5,74,1.5,3,0.5,2,2,1.5,1.75,1.25,3.12
Rh2NiSn,93,1,0,1.005744,6.136,136.75,18,10279.5,7.47538,0.835,5.0375,1.25,10.5,5,1.75,-6.003665675,0.148848675,21,42,22,3,0.5,10.5,1.75,8.5,2,1.5,2,5,0.1428571429,0.0476190476,0.8095238095,0,13,10,5,3,3,1,0,2,2,1,4.5,4,0,3,3,1,1.5,1,1,0.5,0.5,0,0,2,2,0.5,4.5,4,0,0.153160737174804,0.153160737174804,0,4,1,10,4,1,3,10,124,0,0,0,0,0,2.28,1.91,1.96,45,28,50,65,67,83,9,10,4,142,124,139,9,10,14,0,0,0.37,0.32,0.05,17,5,22,2,18,16,1,5,6,18,3,15,1,5,4,0,0,0,8.43,168,280,32,547,42,0,0.5953947,0,0.5953947,0.5953947,0.29769735,0,0.29769735,0,2.095,2.28,1.935,2.12,9.5,9,7,6.5,0,0,0,0,4.25,4.5,2,2.25,133,142,131.5,140.5,66,65,75,74,3,3,2,2,1.25,1.5,1,1.25,3.068
Ru2FeSi,280,-1,0,3.8635861,5.865,133.75,35,8736,7.69377,1.37625,5.1075,0.7,9.5,6,2.25,-8.0249173763,0.5276657,23,32,30,4,0,7,1.5,5,7,2.5,4,9,0.2142857143,0.0714285714,0.7142857143,0,14,9,7,3,3,1,0,2,2,1,5,4,0,3,2,1,2,2,1,0,1,1,1,2,1,1,5,4,0,0.19521411679988,0.19521411679988,0,4,2,8,4,2,2,8,142,0,0,0,0,0,2.2,1.83,1.9,44,26,14,62,61,85,8,8,4,146,142,111,8,8,14,0,0,0.37,0.3,0.07,18,30,12,1,23,24,0,4,4,4,35,31,0,6,6,2,0,2,8.13,128,270,28,545,38,2,2.1106628,0,2.1106628,2.1106628,1.0553314,0,1.0553314,0,2.015,2.2,1.865,2.05,8,8,6,6,1,0,1,0,4.5,5,2,2.5,144,146,126.5,128.5,61.5,62,73,73.5,2.5,3,1.5,2,2,2,1.5,1.5,2.9325
Ru2FeSn,595,1,0,4.1559631,6.202,140.75,14,9981,7.49183,0.935,4.97,1.25,9.5,6,2.25,-7.6589496475,0.5276657,25,41,24,4,0,9.5,2.25,7.5,4,2.5,4,5,0.1578947368,0.0526315789,0.7894736842,0,14,9,7,3,3,1,0,2,2,1,5,4,0,3,2,1,2,2,1,0,1,1,1,2,1,1,5,4,0,0.14824991040497,0.14824991040497,0,4,2,8,4,2,2,8,142,0,0,0,0,0,2.2,1.83,1.96,44,26,50,62,61,83,8,8,4,146,142,139,8,8,14,0,0,0.37,0.24,0.13,18,6,24,1,21,22,0,4,4,4,7,3,0,6,6,2,0,2,8.19,164,268,28,573,38,2,2.1106628,0,2.1106628,2.1106628,1.0553314,0,1.0553314,0,2.015,2.2,1.895,2.08,8,8,6,6,1,0,1,0,4.5,5,2,2.5,144,146,140.5,142.5,61.5,62,72,72.5,2.5,3,1.5,2,2,2,1.5,1.5,3.101
